id,автор,название,серия,series_code,год,series_slug,имя_файла,путь_исходник,путь
viola_050,Дарья Донцова,Алые паруса Синей бороды,Виола Тараканова,ВТ,2022,viola,ВТ_Алые паруса Синей бороды.txt,txt ВиолаТараканова/50 Алые паруса Синей бороды.txt,viola/ВТ_Алые паруса Синей бороды.txt
viola_015,Дарья Донцова,Билет на ковер-вертолет,Виола Тараканова,ВТ,2006,viola,ВТ_Билет на ковер-вертолет.txt,txt ВиолаТараканова/15 Билет на ковер-вертолет.txt,viola/ВТ_Билет на ковер-вертолет.txt
viola_044,Дарья Донцова,Бинокль для всевидящего ока,Виола Тараканова,ВТ,2019,viola,ВТ_Бинокль для всевидящего ока.txt,txt ВиолаТараканова/44 Бинокль для всевидящего ока.txt,viola/ВТ_Бинокль для всевидящего ока.txt
viola_045,Дарья Донцова,Блеск и нищета инстаграма,Виола Тараканова,ВТ,2020,viola,ВТ_Блеск и нищета инстаграма.txt,txt ВиолаТараканова/45 Блеск и нищета инстаграма.txt,viola/ВТ_Блеск и нищета инстаграма.txt
viola_053,Дарья Донцова,Буря в стакане беды,Виола Тараканова,ВТ,2024,viola,ВТ_Буря в стакане беды.txt,txt ВиолаТараканова/53 Буря в стакане беды.txt,viola/ВТ_Буря в стакане беды.txt
viola_039,Дарья Донцова,В когтях у сказки,Виола Тараканова,ВТ,2016,viola,ВТ_В когтях у сказки.txt,txt ВиолаТараканова/39 В когтях у сказки.txt,viola/ВТ_В когтях у сказки.txt
viola_043,Дарья Донцова,Вечный двигатель маразма,Виола Тараканова,ВТ,2018,viola,ВТ_Вечный двигатель маразма.txt,txt ВиолаТараканова/43 Вечный двигатель маразма.txt,viola/ВТ_Вечный двигатель маразма.txt
viola_038,Дарья Донцова,Вставная челюсть Щелкунчика,Виола Тараканова,ВТ,2016,viola,ВТ_Вставная челюсть Щелкунчика.txt,txt ВиолаТараканова/38 Вставная челюсть Щелкунчика.txt,viola/ВТ_Вставная челюсть Щелкунчика.txt
viola_042,Дарья Донцова,Гимназия неблагородных девиц,Виола Тараканова,ВТ,2018,viola,ВТ_Гимназия неблагородных девиц.txt,txt ВиолаТараканова/42 Гимназия неблагородных девиц.txt,viola/ВТ_Гимназия неблагородных девиц.txt
viola_009,Дарья Донцова,Главбух и полцарства в придачу,Виола Тараканова,ВТ,2004,viola,ВТ_Главбух и полцарства в придачу.txt,txt ВиолаТараканова/09 Главбух и полцарства в придачу.txt,viola/ВТ_Главбух и полцарства в придачу.txt
viola_022,Дарья Донцова,Горячая любовь снеговика,Виола Тараканова,ВТ,2008,viola,ВТ_Горячая любовь снеговика.txt,txt ВиолаТараканова/22 Горячая любовь снеговика.txt,viola/ВТ_Горячая любовь снеговика.txt
viola_054,Дарья Донцова,Дезертир из рая,Виола Тараканова,ВТ,2024,viola,ВТ_Дезертир из рая.txt,txt ВиолаТараканова/54 Дезертир из рая.txt,viola/ВТ_Дезертир из рая.txt
viola_029,Дарья Донцова,Дьявол носит лапти,Виола Тараканова,ВТ,2011,viola,ВТ_Дьявол носит лапти.txt,txt ВиолаТараканова/29 Дьявол носит лапти.txt,viola/ВТ_Дьявол носит лапти.txt
viola_034,Дарья Донцова,Завещание рождественской утки,Виола Тараканова,ВТ,2013,viola,ВТ_Завещание рождественской утки.txt,txt ВиолаТараканова/34 Завещание рождественской утки.txt,viola/ВТ_Завещание рождественской утки.txt
viola_041,Дарья Донцова,Закон молодильного яблочка,Виола Тараканова,ВТ,2017,viola,ВТ_Закон молодильного яблочка.txt,txt ВиолаТараканова/41 Закон молодильного яблочка.txt,viola/ВТ_Закон молодильного яблочка.txt
viola_028,Дарья Донцова,Замок храпящей красавицы,Виола Тараканова,ВТ,2011,viola,ВТ_Замок храпящей красавицы.txt,txt ВиолаТараканова/28 Замок храпящей красавицы.txt,viola/ВТ_Замок храпящей красавицы.txt
viola_018,Дарья Донцова,Зимнее лето весны,Виола Тараканова,ВТ,2007,viola,ВТ_Зимнее лето весны.txt,txt ВиолаТараканова/18 Зимнее лето весны.txt,viola/ВТ_Зимнее лето весны.txt
viola_040,Дарья Донцова,Инкогнито с Бродвея,Виола Тараканова,ВТ,2017,viola,ВТ_Инкогнито с Бродвея.txt,txt ВиолаТараканова/40 Инкогнито с Бродвея.txt,viola/ВТ_Инкогнито с Бродвея.txt
viola_017,Дарья Донцова,Каникулы в Простофилино,Виола Тараканова,ВТ,2007,viola,ВТ_Каникулы в Простофилино.txt,txt ВиолаТараканова/17 Каникулы в Простофилино.txt,viola/ВТ_Каникулы в Простофилино.txt
viola_014,Дарья Донцова,Кекс в большом городе,Виола Тараканова,ВТ,2005,viola,ВТ_Кекс в большом городе.txt,txt ВиолаТараканова/14 Кекс в большом городе.txt,viola/ВТ_Кекс в большом городе.txt
viola_033,Дарья Донцова,Кнопка управления мужем,Виола Тараканова,ВТ,2013,viola,ВТ_Кнопка управления мужем.txt,txt ВиолаТараканова/33 Кнопка управления мужем.txt,viola/ВТ_Кнопка управления мужем.txt
viola_047,Дарья Донцова,Козлёнок Алёнушка,Виола Тараканова,ВТ,2021,viola,ВТ_Козлёнок Алёнушка.txt,txt ВиолаТараканова/47 Козлёнок Алёнушка.txt,viola/ВТ_Козлёнок Алёнушка.txt
viola_010,Дарья Донцова,Концерт для колобка с оркестром,Виола Тараканова,ВТ,2004,viola,ВТ_Концерт для колобка с оркестром.txt,txt ВиолаТараканова/10 Концерт для колобка с оркестром.txt,viola/ВТ_Концерт для колобка с оркестром.txt
viola_048,Дарья Донцова,Край непуганых Буратино,Виола Тараканова,ВТ,2021,viola,ВТ_Край непуганых Буратино.txt,txt ВиолаТараканова/48. Край непуганых Буратино.txt,viola/ВТ_Край непуганых Буратино.txt
viola_024,Дарья Донцова,Летучий самозванец,Виола Тараканова,ВТ,2009,viola,ВТ_Летучий самозванец.txt,txt ВиолаТараканова/24 Летучий самозванец.txt,viola/ВТ_Летучий самозванец.txt
viola_052,Дарья Донцова,Лобстер для Емели,Виола Тараканова,ВТ,2023,viola,ВТ_Лобстер для Емели.txt,txt ВиолаТараканова/52 Лобстер для Емели.txt,viola/ВТ_Лобстер для Емели.txt
viola_012,Дарья Донцова,Любимые забавы папы Карло,Виола Тараканова,ВТ,2004,viola,ВТ_Любимые забавы папы Карло.txt,txt ВиолаТараканова/12 Любимые забавы папы Карло.txt,viola/ВТ_Любимые забавы папы Карло.txt
viola_036,Дарья Донцова,Магия госпожи Метелицы,Виола Тараканова,ВТ,2015,viola,ВТ_Магия госпожи Метелицы.txt,txt ВиолаТараканова/36 Магия госпожи Метелицы.txt,viola/ВТ_Магия госпожи Метелицы.txt
viola_007,Дарья Донцова,Микстура от косоглазия,Виола Тараканова,ВТ,2003,viola,ВТ_Микстура от косоглазия.txt,txt ВиолаТараканова/07 Микстура от косоглазия.txt,viola/ВТ_Микстура от косоглазия.txt
viola_046,Дарья Донцова,Милашка на вираже,Виола Тараканова,ВТ,2020,viola,ВТ_Милашка на вираже.txt,txt ВиолаТараканова/46 Милашка на вираже.txt,viola/ВТ_Милашка на вираже.txt
viola_016,Дарья Донцова,Монстры из хорошей семьи,Виола Тараканова,ВТ,2007,viola,ВТ_Монстры из хорошей семьи.txt,txt ВиолаТараканова/16 Монстры из хорошей семьи.txt,viola/ВТ_Монстры из хорошей семьи.txt
viola_021,Дарья Донцова,Муму с аквалангом,Виола Тараканова,ВТ,2008,viola,ВТ_Муму с аквалангом.txt,txt ВиолаТараканова/21 Муму с аквалангом.txt,viola/ВТ_Муму с аквалангом.txt
viola_013,Дарья Донцова,Муха в самолете,Виола Тараканова,ВТ,2005,viola,ВТ_Муха в самолете.txt,txt ВиолаТараканова/13 Муха в самолете.txt,viola/ВТ_Муха в самолете.txt
viola_049,Дарья Донцова,Неудачная карьера мегеры,Виола Тараканова,ВТ,2022,viola,ВТ_Неудачная карьера мегеры.txt,txt ВиолаТараканова/49 Неудачная карьера мегеры.txt,viola/ВТ_Неудачная карьера мегеры.txt
viola_032,Дарья Донцова,Ночной кошмар Железного Любовника,Виола Тараканова,ВТ,2013,viola,ВТ_Ночной кошмар Железного Любовника.txt,txt ВиолаТараканова/32 Ночной кошмар Железного Любовника.txt,viola/ВТ_Ночной кошмар Железного Любовника.txt
viola_026,Дарья Донцова,Приданое лохматой обезьяны,Виола Тараканова,ВТ,2010,viola,ВТ_Приданое лохматой обезьяны.txt,txt ВиолаТараканова/26 Приданое лохматой обезьяны.txt,viola/ВТ_Приданое лохматой обезьяны.txt
viola_030,Дарья Донцова,Путеводитель по Лукоморью,Виола Тараканова,ВТ,2012,viola,ВТ_Путеводитель по Лукоморью.txt,txt ВиолаТараканова/30 Путеводитель по Лукоморью.txt,viola/ВТ_Путеводитель по Лукоморью.txt
viola_006,Дарья Донцова,Скелет из пробирки,Виола Тараканова,ВТ,2002,viola,ВТ_Скелет из пробирки.txt,txt ВиолаТараканова/06 Скелет из пробирки .txt,viola/ВТ_Скелет из пробирки.txt
viola_027,Дарья Донцова,Страстная ночь в зоопарке,Виола Тараканова,ВТ,2010,viola,ВТ_Страстная ночь в зоопарке.txt,txt ВиолаТараканова/27 Страстная ночь в зоопарке.txt,viola/ВТ_Страстная ночь в зоопарке.txt
viola_020,Дарья Донцова,Стриптиз Жар-птицы,Виола Тараканова,ВТ,2008,viola,ВТ_Стриптиз Жар-птицы.txt,txt ВиолаТараканова/20 Стриптиз Жар-птицы.txt,viola/ВТ_Стриптиз Жар-птицы.txt
viola_051,Дарья Донцова,Торт от Ябеды-корябеды,Виола Тараканова,ВТ,2023,viola,ВТ_Торт от Ябеды-корябеды.txt,txt ВиолаТараканова/51 Торт от Ябеды-корябеды.txt,viola/ВТ_Торт от Ябеды-корябеды.txt
viola_037,Дарья Донцова,Три желания женщины-мечты,Виола Тараканова,ВТ,2015,viola,ВТ_Три желания женщины-мечты.txt,txt ВиолаТараканова/37 Три желания женщины-мечты.txt,viola/ВТ_Три желания женщины-мечты.txt
viola_002,Дарья Донцова,Три мешка хитростей,Виола Тараканова,ВТ,2001,viola,ВТ_Три мешка хитростей.txt,txt ВиолаТараканова/02 Три мешка хитростей.txt,viola/ВТ_Три мешка хитростей.txt
viola_035,Дарья Донцова,Ужас на крыльях ночи,Виола Тараканова,ВТ,2014,viola,ВТ_Ужас на крыльях ночи.txt,txt ВиолаТараканова/35 Ужас на крыльях ночи.txt,viola/ВТ_Ужас на крыльях ночи.txt
viola_004,Дарья Донцова,Урожай ядовитых ягодок,Виола Тараканова,ВТ,2002,viola,ВТ_Урожай ядовитых ягодок.txt,txt ВиолаТараканова/04 Урожай ядовитых ягодок.txt,viola/ВТ_Урожай ядовитых ягодок.txt
viola_031,Дарья Донцова,Фанатка голого короля,Виола Тараканова,ВТ,2012,viola,ВТ_Фанатка голого короля.txt,txt ВиолаТараканова/31 Фанатка голого короля.txt,viola/ВТ_Фанатка голого короля.txt
viola_025,Дарья Донцова,Фея с золотыми зубами,Виола Тараканова,ВТ,2010,viola,ВТ_Фея с золотыми зубами.txt,txt ВиолаТараканова/25 Фея с золотыми зубами.txt,viola/ВТ_Фея с золотыми зубами.txt
viola_008,Дарья Донцова,Филе из Золотого Петушка,Виола Тараканова,ВТ,2004,viola,ВТ_Филе из Золотого Петушка.txt,txt ВиолаТараканова/08 Филе из Золотого Петушка.txt,viola/ВТ_Филе из Золотого Петушка.txt
viola_011,Дарья Донцова,Фокус-покус от Василисы Ужасной,Виола Тараканова,ВТ,2004,viola,ВТ_Фокус-покус от Василисы Ужасной.txt,txt ВиолаТараканова/11 Фокус-покус от Василисы Ужасной.txt,viola/ВТ_Фокус-покус от Василисы Ужасной.txt
viola_019,Дарья Донцова,Хеппи-энд для Дездемоны,Виола Тараканова,ВТ,2007,viola,ВТ_Хеппи-энд для Дездемоны.txt,txt ВиолаТараканова/19 Хеппи-энд для Дездемоны.txt,viola/ВТ_Хеппи-энд для Дездемоны.txt
viola_023,Дарья Донцова,Человек-невидимка в стразах,Виола Тараканова,ВТ,2009,viola,ВТ_Человек-невидимка в стразах.txt,txt ВиолаТараканова/23 Человек-невидимка в стразах.txt,viola/ВТ_Человек-невидимка в стразах.txt
viola_001,Дарья Донцова,Черт из табакерки,Виола Тараканова,ВТ,2001,viola,ВТ_Черт из табакерки.txt,txt ВиолаТараканова/01 Черт из табакерки.txt,viola/ВТ_Черт из табакерки.txt
viola_005,Дарья Донцова,Чудеса в кастрюльке,Виола Тараканова,ВТ,2002,viola,ВТ_Чудеса в кастрюльке.txt,txt ВиолаТараканова/05 Чудеса в кастрюльке.txt,viola/ВТ_Чудеса в кастрюльке.txt
viola_003,Дарья Донцова,Чудовище без красавицы,Виола Тараканова,ВТ,2001,viola,ВТ_Чудовище без красавицы.txt,txt ВиолаТараканова/03 Чудовище без красавицы.txt,viola/ВТ_Чудовище без красавицы.txt
dasha_065,Дарья Донцова,Аллергия на кота Базилио,Даша Васильева,ДВ,2021,dasha,ДВ_Аллергия на кота Базилио.txt,txt ДашаВасильева/64 Аллергия на кота Базилио.txt,dasha/ДВ_Аллергия на кота Базилио.txt
dasha_069,Дарья Донцова,Ананас на ёлке,Даша Васильева,ДВ,2023,dasha,ДВ_Ананас на ёлке.txt,txt ДашаВасильева/68 Ананас на ёлке.txt,dasha/ДВ_Ананас на ёлке.txt
dasha_049,Дарья Донцова,Аполлон на миллион,Даша Васильева,ДВ,2015,dasha,ДВ_Аполлон на миллион.txt,txt ДашаВасильева/48 Аполлон на миллион.txt,dasha/ДВ_Аполлон на миллион.txt
dasha_010,Дарья Донцова,Бассейн с крокодилами,Даша Васильева,ДВ,2000,dasha,ДВ_Бассейн с крокодилами.txt,txt ДашаВасильева/09 Бассейн с крокодилами.txt,dasha/ДВ_Бассейн с крокодилами.txt
dasha_038,Дарья Донцова,Белый конь на принце,Даша Васильева,ДВ,2009,dasha,ДВ_Белый конь на принце.txt,txt ДашаВасильева/37 Белый конь на принце.txt,dasha/ДВ_Белый конь на принце.txt
dasha_017,Дарья Донцова,Бенефис мартовской кошки,Даша Васильева,ДВ,2002,dasha,ДВ_Бенефис мартовской кошки.txt,txt ДашаВасильева/16 Бенефис мартовской кошки.txt,dasha/ДВ_Бенефис мартовской кошки.txt
dasha_072,Дарья Донцова,Блоха на балу,Даша Васильева,ДВ,2024,dasha,ДВ_Блоха на балу.txt,txt ДашаВасильева/71 Блоха на балу.txt,dasha/ДВ_Блоха на балу.txt
dasha_064,Дарья Донцова,Вакантное место райской птички,Даша Васильева,ДВ,2021,dasha,ДВ_Вакантное место райской птички.txt,txt ДашаВасильева/63 Вакантное место райской птички.txt,dasha/ДВ_Вакантное место райской птички.txt
dasha_012,Дарья Донцова,Вынос дела,Даша Васильева,ДВ,2000,dasha,ДВ_Вынос дела.txt,txt ДашаВасильева/11 Вынос дела.txt,dasha/ДВ_Вынос дела.txt
dasha_021,Дарья Донцова,Гарпия с пропеллером,Даша Васильева,ДВ,2003,dasha,ДВ_Гарпия с пропеллером.txt,txt ДашаВасильева/20 Гарпия с пропеллером.txt,dasha/ДВ_Гарпия с пропеллером.txt
dasha_043,Дарья Донцова,Гений страшной красоты,Даша Васильева,ДВ,2011,dasha,ДВ_Гений страшной красоты.txt,txt ДашаВасильева/42 Гений страшной красоты.txt,dasha/ДВ_Гений страшной красоты.txt
dasha_058,Дарья Донцова,Годовой абонемент на тот свет,Даша Васильева,ДВ,2019,dasha,ДВ_Годовой абонемент на тот свет.txt,txt ДашаВасильева/57 Годовой абонемент на тот свет.txt,dasha/ДВ_Годовой абонемент на тот свет.txt
dasha_004,Дарья Донцова,Дама с коготками,Даша Васильева,ДВ,1999,dasha,ДВ_Дама с коготками.txt,txt ДашаВасильева/03 Дама с коготками.txt,dasha/ДВ_Дама с коготками.txt
dasha_005,Дарья Донцова,Дантисты тоже плачут,Даша Васильева,ДВ,1999,dasha,ДВ_Дантисты тоже плачут.txt,txt ДашаВасильева/04 Дантисты тоже плачут.txt,dasha/ДВ_Дантисты тоже плачут.txt
dasha_057,Дарья Донцова,Дневник пакостей Снежинки,Даша Васильева,ДВ,2018,dasha,ДВ_Дневник пакостей Снежинки.txt,txt ДашаВасильева/56 Дневник пакостей Снежинки.txt,dasha/ДВ_Дневник пакостей Снежинки.txt
dasha_022,Дарья Донцова,Доллары царя Гороха,Даша Васильева,ДВ,2004,dasha,ДВ_Доллары царя Гороха.txt,txt ДашаВасильева/21 Доллары царя Гороха.txt,dasha/ДВ_Доллары царя Гороха.txt
dasha_014,Дарья Донцова,Домик тетушки лжи,Даша Васильева,ДВ,2001,dasha,ДВ_Домик тетушки лжи.txt,txt ДашаВасильева/13 Домик тетушки лжи.txt,dasha/ДВ_Домик тетушки лжи.txt
dasha_028,Дарья Донцова,Досье на Крошку Че,Даша Васильева,ДВ,2006,dasha,ДВ_Досье на Крошку Че.txt,txt ДашаВасильева/27 Досье на Крошку Че.txt,dasha/ДВ_Досье на Крошку Че.txt
dasha_053,Дарья Донцова,Другая жизнь оборотня,Даша Васильева,ДВ,2016,dasha,ДВ_Другая жизнь оборотня.txt,txt ДашаВасильева/52 Другая жизнь оборотня.txt,dasha/ДВ_Другая жизнь оборотня.txt
dasha_020,Дарья Донцова,Жаба с кошельком,Даша Васильева,ДВ,2003,dasha,ДВ_Жаба с кошельком.txt,txt ДашаВасильева/19 Жаба с кошельком.txt,dasha/ДВ_Жаба с кошельком.txt
dasha_007,Дарья Донцова,Жена моего мужа,Даша Васильева,ДВ,2000,dasha,ДВ_Жена моего мужа.txt,txt ДашаВасильева/06 Жена моего мужа.txt,dasha/ДВ_Жена моего мужа.txt
dasha_003,Дарья Донцова,За всеми зайцами,Даша Васильева,ДВ,1999,dasha,ДВ_За всеми зайцами.txt,txt ДашаВасильева/02 За всеми зайцами.txt,dasha/ДВ_За всеми зайцами.txt
dasha_059,Дарья Донцова,Змеиный гаджет,Даша Васильева,ДВ,2019,dasha,ДВ_Змеиный гаджет.txt,txt ДашаВасильева/58 Змеиный гаджет.txt,dasha/ДВ_Змеиный гаджет.txt
dasha_001,Дарья Донцова,Игра в жмурики,Даша Васильева,ДВ,1999,dasha,ДВ_Игра в жмурики.txt,txt ДашаВасильева/01 Игра в жмурики.txt,dasha/ДВ_Игра в жмурики.txt
dasha_073,Дарья Донцова,Ипотека на Марсе,Даша Васильева,ДВ,2025,dasha,ДВ_Ипотека на Марсе.txt,txt ДашаВасильева/72. Ипотека на Марсе.txt,dasha/ДВ_Ипотека на Марсе.txt
dasha_067,Дарья Донцова,Кактус второй свежести,Даша Васильева,ДВ,2022,dasha,ДВ_Кактус второй свежести.txt,txt ДашаВасильева/66 Кактус второй свежести.txt,dasha/ДВ_Кактус второй свежести.txt
dasha_023,Дарья Донцова,Камин для Снегурочки,Даша Васильева,ДВ,2004,dasha,ДВ_Камин для Снегурочки.txt,txt ДашаВасильева/22 Камин для Снегурочки.txt,dasha/ДВ_Камин для Снегурочки.txt
dasha_077,Дарья Донцова,Кекс от сапожника (в кн. Новогодний детектив 2015),Даша Васильева,ДВ,2015,dasha,ДВ_Кекс от сапожника (в кн. Новогодний детектив 2015).txt,txt ДашаВасильева/Кекс от сапожника (в кн. Новогодний детектив 2015).txt,dasha/ДВ_Кекс от сапожника (в кн. Новогодний детектив 2015).txt
dasha_037,Дарья Донцова,Клетчатая зебра,Даша Васильева,ДВ,2009,dasha,ДВ_Клетчатая зебра.txt,txt ДашаВасильева/36 Клетчатая зебра.txt,dasha/ДВ_Клетчатая зебра.txt
dasha_066,Дарья Донцова,Коза и семеро волчат,Даша Васильева,ДВ,2021,dasha,ДВ_Коза и семеро волчат.txt,txt ДашаВасильева/65 Коза и семеро волчат.txt,dasha/ДВ_Коза и семеро волчат.txt
dasha_026,Дарья Донцова,Компот из запретного плода,Даша Васильева,ДВ,2005,dasha,ДВ_Компот из запретного плода.txt,txt ДашаВасильева/25 Компот из запретного плода.txt,dasha/ДВ_Компот из запретного плода.txt
dasha_009,Дарья Донцова,Контрольный поцелуй,Даша Васильева,ДВ,2000,dasha,ДВ_Контрольный поцелуй.txt,txt ДашаВасильева/08 Контрольный поцелуй.txt,dasha/ДВ_Контрольный поцелуй.txt
dasha_002,Дарья Донцова,Крутые наследнички,Даша Васильева,ДВ,1999,dasha,ДВ_Крутые наследнички.txt,txt ДашаВасильева/01 Крутые наследнички.txt,dasha/ДВ_Крутые наследнички.txt
dasha_040,Дарья Донцова,Лебединое озеро Ихтиандра,Даша Васильева,ДВ,2010,dasha,ДВ_Лебединое озеро Ихтиандра.txt,txt ДашаВасильева/39 Лебединое озеро Ихтиандра.txt,dasha/ДВ_Лебединое озеро Ихтиандра.txt
dasha_035,Дарья Донцова,Легенда о трех мартышках,Даша Васильева,ДВ,2009,dasha,ДВ_Легенда о трех мартышках.txt,txt ДашаВасильева/34 Легенда о трех мартышках.txt,dasha/ДВ_Легенда о трех мартышках.txt
dasha_031,Дарья Донцова,Личное дело женщины-кошки,Даша Васильева,ДВ,2007,dasha,ДВ_Личное дело женщины-кошки.txt,txt ДашаВасильева/30 Личное дело женщины-кошки.txt,dasha/ДВ_Личное дело женщины-кошки.txt
dasha_039,Дарья Донцова,Любовница египетской мумии,Даша Васильева,ДВ,2010,dasha,ДВ_Любовница египетской мумии.txt,txt ДашаВасильева/38 Любовница египетской мумии.txt,dasha/ДВ_Любовница египетской мумии.txt
dasha_030,Дарья Донцова,Лягушка Баскервилей,Даша Васильева,ДВ,2007,dasha,ДВ_Лягушка Баскервилей.txt,txt ДашаВасильева/29 Лягушка Баскервилей.txt,dasha/ДВ_Лягушка Баскервилей.txt
dasha_046,Дарья Донцова,Медовое путешествие втроем,Даша Васильева,ДВ,2013,dasha,ДВ_Медовое путешествие втроем.txt,txt ДашаВасильева/45 Медовое путешествие втроем.txt,dasha/ДВ_Медовое путешествие втроем.txt
dasha_032,Дарья Донцова,Метро до Африки,Даша Васильева,ДВ,2008,dasha,ДВ_Метро до Африки.txt,txt ДашаВасильева/31 Метро до Африки.txt,dasha/ДВ_Метро до Африки.txt
dasha_063,Дарья Донцова,Мокрое дело водяного,Даша Васильева,ДВ,2020,dasha,ДВ_Мокрое дело водяного.txt,txt ДашаВасильева/62 Мокрое дело водяного.txt,dasha/ДВ_Мокрое дело водяного.txt
dasha_042,Дарья Донцова,Мыльная сказка Шахерезады,Даша Васильева,ДВ,2011,dasha,ДВ_Мыльная сказка Шахерезады.txt,txt ДашаВасильева/41 Мыльная сказка Шахерезады.txt,dasha/ДВ_Мыльная сказка Шахерезады.txt
dasha_027,Дарья Донцова,Небо в рублях,Даша Васильева,ДВ,2005,dasha,ДВ_Небо в рублях.txt,txt ДашаВасильева/26 Небо в рублях.txt,dasha/ДВ_Небо в рублях.txt
dasha_008,Дарья Донцова,Несекретные материалы,Даша Васильева,ДВ,2000,dasha,ДВ_Несекретные материалы.txt,txt ДашаВасильева/07 Несекретные материалы.txt,dasha/ДВ_Несекретные материалы.txt
dasha_054,Дарья Донцова,Ночной клуб на Лысой горе,Даша Васильева,ДВ,2017,dasha,ДВ_Ночной клуб на Лысой горе.txt,txt ДашаВасильева/53 Ночной клуб на Лысой горе.txt,dasha/ДВ_Ночной клуб на Лысой горе.txt
dasha_045,Дарья Донцова,Пальцы китайским веером,Даша Васильева,ДВ,2012,dasha,ДВ_Пальцы китайским веером.txt,txt ДашаВасильева/44 Пальцы китайским веером.txt,dasha/ДВ_Пальцы китайским веером.txt
dasha_061,Дарья Донцова,Пиявка голубых кровей,Даша Васильева,ДВ,2020,dasha,ДВ_Пиявка голубых кровей.txt,txt ДашаВасильева/60 Пиявка голубых кровей.txt,dasha/ДВ_Пиявка голубых кровей.txt
dasha_068,Дарья Донцова,Плохая репутация Курочки Рябы,Даша Васильева,ДВ,2022,dasha,ДВ_Плохая репутация Курочки Рябы.txt,txt ДашаВасильева/67 Плохая репутация Курочки Рябы.txt,dasha/ДВ_Плохая репутация Курочки Рябы.txt
dasha_018,Дарья Донцова,Полет над гнездом индюшки,Даша Васильева,ДВ,2002,dasha,ДВ_Полет над гнездом индюшки.txt,txt ДашаВасильева/17 Полет над гнездом индюшки.txt,dasha/ДВ_Полет над гнездом индюшки.txt
dasha_056,Дарья Донцова,Последняя гастроль госпожи Удачи,Даша Васильева,ДВ,2018,dasha,ДВ_Последняя гастроль госпожи Удачи.txt,txt ДашаВасильева/55 Последняя гастроль госпожи Удачи.txt,dasha/ДВ_Последняя гастроль госпожи Удачи.txt
dasha_047,Дарья Донцова,Приват-танец мисс Марпл,Даша Васильева,ДВ,2014,dasha,ДВ_Приват-танец мисс Марпл.txt,txt ДашаВасильева/46 Приват-танец мисс Марпл.txt,dasha/ДВ_Приват-танец мисс Марпл.txt
dasha_015,Дарья Донцова,Привидение в кроссовках,Даша Васильева,ДВ,2002,dasha,ДВ_Привидение в кроссовках.txt,txt ДашаВасильева/14 Привидение в кроссовках.txt,dasha/ДВ_Привидение в кроссовках.txt
dasha_055,Дарья Донцова,Родословная до седьмого полена,Даша Васильева,ДВ,2017,dasha,ДВ_Родословная до седьмого полена.txt,txt ДашаВасильева/54 Родословная до седьмого полена.txt,dasha/ДВ_Родословная до седьмого полена.txt
dasha_029,Дарья Донцова,Ромео с большой дороги,Даша Васильева,ДВ,2006,dasha,ДВ_Ромео с большой дороги.txt,txt ДашаВасильева/28 Ромео с большой дороги.txt,dasha/ДВ_Ромео с большой дороги.txt
dasha_048,Дарья Донцова,Самовар с шампанским,Даша Васильева,ДВ,2014,dasha,ДВ_Самовар с шампанским.txt,txt ДашаВасильева/47 Самовар с шампанским.txt,dasha/ДВ_Самовар с шампанским.txt
dasha_052,Дарья Донцова,Свидание под мантией,Даша Васильева,ДВ,2016,dasha,ДВ_Свидание под мантией.txt,txt ДашаВасильева/51 Свидание под мантией.txt,dasha/ДВ_Свидание под мантией.txt
dasha_070,Дарья Донцова,Слон для Дюймовочки,Даша Васильева,ДВ,2023,dasha,ДВ_Слон для Дюймовочки.txt,txt ДашаВасильева/69 Слон для Дюймовочки.txt,dasha/ДВ_Слон для Дюймовочки.txt
dasha_050,Дарья Донцова,Сон дядюшки Фрейда,Даша Васильева,ДВ,2015,dasha,ДВ_Сон дядюшки Фрейда.txt,txt ДашаВасильева/49 Сон дядюшки Фрейда.txt,dasha/ДВ_Сон дядюшки Фрейда.txt
dasha_011,Дарья Донцова,Спят усталые игрушки,Даша Васильева,ДВ,2000,dasha,ДВ_Спят усталые игрушки.txt,txt ДашаВасильева/10 Спят усталые игрушки.txt,dasha/ДВ_Спят усталые игрушки.txt
dasha_025,Дарья Донцова,Стилист для снежного человека,Даша Васильева,ДВ,2005,dasha,ДВ_Стилист для снежного человека.txt,txt ДашаВасильева/24 Стилист для снежного человека.txt,dasha/ДВ_Стилист для снежного человека.txt
dasha_071,Дарья Донцова,Ступа с навигатором,Даша Васильева,ДВ,2024,dasha,ДВ_Ступа с навигатором.txt,txt ДашаВасильева/70 Ступа с навигатором.txt,dasha/ДВ_Ступа с навигатором.txt
dasha_036,Дарья Донцова,Темное прошлое Конька-Горбунка (сборник),Даша Васильева,ДВ,2010,dasha,ДВ_Темное прошлое Конька-Горбунка (сборник).txt,txt ДашаВасильева/35 Темное прошлое Конька-Горбунка (сборник).txt,dasha/ДВ_Темное прошлое Конька-Горбунка (сборник).txt
dasha_062,Дарья Донцова,Темные предки светлой детки,Даша Васильева,ДВ,2020,dasha,ДВ_Темные предки светлой детки.txt,txt ДашаВасильева/61 Темные предки светлой детки.txt,dasha/ДВ_Темные предки светлой детки.txt
dasha_041,Дарья Донцова,Тормоза для блудного мужа,Даша Васильева,ДВ,2011,dasha,ДВ_Тормоза для блудного мужа.txt,txt ДашаВасильева/40 Тормоза для блудного мужа.txt,dasha/ДВ_Тормоза для блудного мужа.txt
dasha_034,Дарья Донцова,Третий глаз — алмаз,Даша Васильева,ДВ,2008,dasha,ДВ_Третий глаз — алмаз.txt,txt ДашаВасильева/33 Третий глаз — алмаз.txt,dasha/ДВ_Третий глаз — алмаз.txt
dasha_016,Дарья Донцова,Улыбка 45-го калибра,Даша Васильева,ДВ,2002,dasha,ДВ_Улыбка 45-го калибра.txt,txt ДашаВасильева/15 Улыбка 45-го калибра.txt,dasha/ДВ_Улыбка 45-го калибра.txt
dasha_019,Дарья Донцова,Уха из золотой рыбки,Даша Васильева,ДВ,2003,dasha,ДВ_Уха из золотой рыбки.txt,txt ДашаВасильева/18 Уха из золотой рыбки.txt,dasha/ДВ_Уха из золотой рыбки.txt
dasha_033,Дарья Донцова,Фейсконтроль на главную роль,Даша Васильева,ДВ,2008,dasha,ДВ_Фейсконтроль на главную роль.txt,txt ДашаВасильева/32 Фейсконтроль на главную роль.txt,dasha/ДВ_Фейсконтроль на главную роль.txt
dasha_013,Дарья Донцова,Хобби гадкого утенка,Даша Васильева,ДВ,2001,dasha,ДВ_Хобби гадкого утенка.txt,txt ДашаВасильева/12 Хобби гадкого утенка.txt,dasha/ДВ_Хобби гадкого утенка.txt
dasha_060,Дарья Донцова,Царевич с плохим резюме,Даша Васильева,ДВ,2019,dasha,ДВ_Царевич с плохим резюме.txt,txt ДашаВасильева/59 Царевич с плохим резюме.txt,dasha/ДВ_Царевич с плохим резюме.txt
dasha_044,Дарья Донцова,Шесть соток для Робинзона,Даша Васильева,ДВ,2012,dasha,ДВ_Шесть соток для Робинзона.txt,txt ДашаВасильева/43 Шесть соток для Робинзона.txt,dasha/ДВ_Шесть соток для Робинзона.txt
dasha_051,Дарья Донцова,Штамп на сердце женщины-вамп,Даша Васильева,ДВ,2016,dasha,ДВ_Штамп на сердце женщины-вамп.txt,txt ДашаВасильева/50 Штамп на сердце женщины-вамп.txt,dasha/ДВ_Штамп на сердце женщины-вамп.txt
dasha_024,Дарья Донцова,Экстрим на сером волке,Даша Васильева,ДВ,2004,dasha,ДВ_Экстрим на сером волке.txt,txt ДашаВасильева/23 Экстрим на сером волке.txt,dasha/ДВ_Экстрим на сером волке.txt
dasha_006,Дарья Донцова,Эта горькая сладкая месть,Даша Васильева,ДВ,2000,dasha,ДВ_Эта горькая сладкая месть.txt,txt ДашаВасильева/05 Эта горькая сладкая месть.txt,dasha/ДВ_Эта горькая сладкая месть.txt
evlampia_028,Дарья Донцова,Бабочка в гипсе,Евлампия Романова,ЕР,2009,evlampia,ЕР_Бабочка в гипсе.txt,txt ЕвлампияРоманова/28 Бабочка в гипсе.txt,evlampia/ЕР_Бабочка в гипсе.txt
evlampia_018,Дарья Донцова,Безумная кепка Мономаха,Евлампия Романова,ЕР,2006,evlampia,ЕР_Безумная кепка Мономаха.txt,txt ЕвлампияРоманова/18 Безумная кепка Мономаха.txt,evlampia/ЕР_Безумная кепка Мономаха.txt
evlampia_036,Дарья Донцова,Белочка во сне и наяву,Евлампия Романова,ЕР,2013,evlampia,ЕР_Белочка во сне и наяву.txt,txt ЕвлампияРоманова/36 Белочка во сне и наяву.txt,evlampia/ЕР_Белочка во сне и наяву.txt
evlampia_048,Дарья Донцова,Большой куш нищей герцогини,Евлампия Романова,ЕР,2020,evlampia,ЕР_Большой куш нищей герцогини.txt,txt ЕвлампияРоманова/48 Большой куш нищей герцогини.txt,evlampia/ЕР_Большой куш нищей герцогини.txt
evlampia_026,Дарья Донцова,Брачный контракт кентавра,Евлампия Романова,ЕР,2009,evlampia,ЕР_Брачный контракт кентавра.txt,txt ЕвлампияРоманова/26 Брачный контракт кентавра.txt,evlampia/ЕР_Брачный контракт кентавра.txt
evlampia_020,Дарья Донцова,Бутик ежовых рукавиц,Евлампия Романова,ЕР,2006,evlampia,ЕР_Бутик ежовых рукавиц.txt,txt ЕвлампияРоманова/20 Бутик ежовых рукавиц.txt,evlampia/ЕР_Бутик ежовых рукавиц.txt
evlampia_031,Дарья Донцова,В постели с Кинг-Конгом,Евлампия Романова,ЕР,2011,evlampia,ЕР_В постели с Кинг-Конгом.txt,txt ЕвлампияРоманова/31 В постели с Кинг-Конгом.txt,evlampia/ЕР_В постели с Кинг-Конгом.txt
evlampia_050,Дарья Донцова,Вещие сны Храпунцель,Евлампия Романова,ЕР,2021,evlampia,ЕР_Вещие сны Храпунцель.txt,txt ЕвлампияРоманова/50 Вещие сны Храпунцель.txt,evlampia/ЕР_Вещие сны Храпунцель.txt
evlampia_057,Дарья Донцова,Витязь в розовых штанах,Евлампия Романова,ЕР,2023,evlampia,ЕР_Витязь в розовых штанах.txt,txt ЕвлампияРоманова/57  Витязь в розовых штанах.txt,evlampia/ЕР_Витязь в розовых штанах.txt
evlampia_004,Дарья Донцова,Гадюка в сиропе,Евлампия Романова,ЕР,2001,evlampia,ЕР_Гадюка в сиропе.txt,txt ЕвлампияРоманова/04 Гадюка в сиропе.txt,evlampia/ЕР_Гадюка в сиропе.txt
evlampia_047,Дарья Донцова,Гиблое место в ипотеку,Евлампия Романова,ЕР,2019,evlampia,ЕР_Гиблое место в ипотеку.txt,txt ЕвлампияРоманова/47 Гиблое место в ипотеку.txt,evlampia/ЕР_Гиблое место в ипотеку.txt
evlampia_042,Дарья Донцова,Гороскоп птицы Феникс,Евлампия Романова,ЕР,2017,evlampia,ЕР_Гороскоп птицы Феникс.txt,txt ЕвлампияРоманова/42 Гороскоп птицы Феникс.txt,evlampia/ЕР_Гороскоп птицы Феникс.txt
evlampia_056,Дарья Донцова,Государыня Криворучка,Евлампия Романова,ЕР,2023,evlampia,ЕР_Государыня Криворучка.txt,txt ЕвлампияРоманова/56 Государыня Криворучка.txt,evlampia/ЕР_Государыня Криворучка.txt
evlampia_053,Дарья Донцова,Девочка Красная Тапочка,Евлампия Романова,ЕР,2022,evlampia,ЕР_Девочка Красная Тапочка.txt,txt ЕвлампияРоманова/53 Девочка Красная Тапочка.txt,evlampia/ЕР_Девочка Красная Тапочка.txt
evlampia_034,Дарья Донцова,Добрый доктор Айбандит,Евлампия Романова,ЕР,2012,evlampia,ЕР_Добрый доктор Айбандит.txt,txt ЕвлампияРоманова/34 Добрый доктор Айбандит.txt,evlampia/ЕР_Добрый доктор Айбандит.txt
evlampia_049,Дарья Донцова,Жираф – гроза пингвинов,Евлампия Романова,ЕР,2020,evlampia,ЕР_Жираф – гроза пингвинов.txt,txt ЕвлампияРоманова/49 Жираф – гроза пингвинов.txt,evlampia/ЕР_Жираф – гроза пингвинов.txt
evlampia_021,Дарья Донцова,Золушка в шоколаде,Евлампия Романова,ЕР,2007,evlampia,ЕР_Золушка в шоколаде.txt,txt ЕвлампияРоманова/21 Золушка в шоколаде.txt,evlampia/ЕР_Золушка в шоколаде.txt
evlampia_041,Дарья Донцова,Имидж напрокат,Евлампия Романова,ЕР,2016,evlampia,ЕР_Имидж напрокат.txt,txt ЕвлампияРоманова/41 Имидж напрокат.txt,evlampia/ЕР_Имидж напрокат.txt
evlampia_027,Дарья Донцова,Император деревни Гадюкино,Евлампия Романова,ЕР,2009,evlampia,ЕР_Император деревни Гадюкино.txt,txt ЕвлампияРоманова/27 Император деревни Гадюкино.txt,evlampia/ЕР_Император деревни Гадюкино.txt
evlampia_011,Дарья Донцова,Камасутра для Микки-Мауса,Евлампия Романова,ЕР,2003,evlampia,ЕР_Камасутра для Микки-Мауса.txt,txt ЕвлампияРоманова/11 Камасутра для Микки-Мауса.txt,evlampia/ЕР_Камасутра для Микки-Мауса.txt
evlampia_007,Дарья Донцова,Канкан на поминках,Евлампия Романова,ЕР,2001,evlampia,ЕР_Канкан на поминках.txt,txt ЕвлампияРоманова/07 Канкан на поминках.txt,evlampia/ЕР_Канкан на поминках.txt
evlampia_012,Дарья Донцова,Квазимодо на шпильках,Евлампия Романова,ЕР,2003,evlampia,ЕР_Квазимодо на шпильках.txt,txt ЕвлампияРоманова/12 Квазимодо на шпильках.txt,evlampia/ЕР_Квазимодо на шпильках.txt
evlampia_030,Дарья Донцова,Королева без башни,Евлампия Романова,ЕР,2010,evlampia,ЕР_Королева без башни.txt,txt ЕвлампияРоманова/30 Королева без башни.txt,evlampia/ЕР_Королева без башни.txt
evlampia_054,Дарья Донцова,Коронная роль Козы-дерезы,Евлампия Романова,ЕР,2022,evlampia,ЕР_Коронная роль Козы-дерезы.txt,txt ЕвлампияРоманова/54 Коронная роль Козы-дерезы.txt,evlampia/ЕР_Коронная роль Козы-дерезы.txt
evlampia_040,Дарья Донцова,Корпоратив королевской династии,Евлампия Романова,ЕР,2016,evlampia,ЕР_Корпоратив королевской династии.txt,txt ЕвлампияРоманова/40 Корпоратив королевской династии.txt,evlampia/ЕР_Корпоратив королевской династии.txt
evlampia_045,Дарья Донцова,Коррида на раздевание,Евлампия Романова,ЕР,2018,evlampia,ЕР_Коррида на раздевание.txt,txt ЕвлампияРоманова/45 Коррида на раздевание.txt,evlampia/ЕР_Коррида на раздевание.txt
evlampia_033,Дарья Донцова,Костюм Адама для Евы,Евлампия Романова,ЕР,2012,evlampia,ЕР_Костюм Адама для Евы.txt,txt ЕвлампияРоманова/33 Костюм Адама для Евы.txt,evlampia/ЕР_Костюм Адама для Евы.txt
evlampia_060,Дарья Донцова,Кружок экстремального вязания,Евлампия Романова,ЕР,2025,evlampia,ЕР_Кружок экстремального вязания.txt,txt ЕвлампияРоманова/60. Кружок экстремального вязания.txt,evlampia/ЕР_Кружок экстремального вязания.txt
evlampia_016,Дарья Донцова,Лампа разыскивает Алладина,Евлампия Романова,ЕР,2005,evlampia,ЕР_Лампа разыскивает Алладина.txt,txt ЕвлампияРоманова/16 Лампа разыскивает Алладина.txt,evlampia/ЕР_Лампа разыскивает Алладина.txt
evlampia_046,Дарья Донцова,Леди Несовершенство,Евлампия Романова,ЕР,2019,evlampia,ЕР_Леди Несовершенство.txt,txt ЕвлампияРоманова/46 Леди Несовершенство.txt,evlampia/ЕР_Леди Несовершенство.txt
evlampia_017,Дарья Донцова,Любовь-морковь и третий лишний,Евлампия Романова,ЕР,2005,evlampia,ЕР_Любовь-морковь и третий лишний.txt,txt ЕвлампияРоманова/17 Любовь-морковь и третий лишний.txt,evlampia/ЕР_Любовь-морковь и третий лишний.txt
evlampia_055,Дарья Донцова,Малютка Интрига,Евлампия Романова,ЕР,2023,evlampia,ЕР_Малютка Интрига.txt,txt ЕвлампияРоманова/55 Малютка Интрига.txt,evlampia/ЕР_Малютка Интрига.txt
evlampia_052,Дарья Донцова,Мамаша Бармалей,Евлампия Романова,ЕР,2022,evlampia,ЕР_Мамаша Бармалей.txt,txt ЕвлампияРоманова/52 Мамаша Бармалей.txt,evlampia/ЕР_Мамаша Бармалей.txt
evlampia_001,Дарья Донцова,Маникюр для покойника,Евлампия Романова,ЕР,2000,evlampia,ЕР_Маникюр для покойника.txt,txt ЕвлампияРоманова/01 Маникюр для покойника.txt,evlampia/ЕР_Маникюр для покойника.txt
evlampia_038,Дарья Донцова,Маскарад любовных утех,Евлампия Романова,ЕР,2015,evlampia,ЕР_Маскарад любовных утех.txt,txt ЕвлампияРоманова/38 Маскарад любовных утех.txt,evlampia/ЕР_Маскарад любовных утех.txt
evlampia_037,Дарья Донцова,Матрешка в перьях,Евлампия Романова,ЕР,2014,evlampia,ЕР_Матрешка в перьях.txt,txt ЕвлампияРоманова/37 Матрешка в перьях.txt,evlampia/ЕР_Матрешка в перьях.txt
evlampia_022,Дарья Донцова,Нежный супруг олигарха,Евлампия Романова,ЕР,2007,evlampia,ЕР_Нежный супруг олигарха.txt,txt ЕвлампияРоманова/22 Нежный супруг олигарха.txt,evlampia/ЕР_Нежный супруг олигарха.txt
evlampia_013,Дарья Донцова,Но-шпа на троих,Евлампия Романова,ЕР,2003,evlampia,ЕР_Но-шпа на троих.txt,txt ЕвлампияРоманова/13 Но-шпа на троих.txt,evlampia/ЕР_Но-шпа на троих.txt
evlampia_029,Дарья Донцова,Ночная жизнь моей свекрови,Евлампия Романова,ЕР,2010,evlampia,ЕР_Ночная жизнь моей свекрови.txt,txt ЕвлампияРоманова/29 Ночная жизнь моей свекрови.txt,evlampia/ЕР_Ночная жизнь моей свекрови.txt
evlampia_005,Дарья Донцова,Обед у людоеда,Евлампия Романова,ЕР,2001,evlampia,ЕР_Обед у людоеда.txt,txt ЕвлампияРоманова/05 Обед у людоеда.txt,evlampia/ЕР_Обед у людоеда.txt
evlampia_035,Дарья Донцова,Огнетушитель Прометея,Евлампия Романова,ЕР,2013,evlampia,ЕР_Огнетушитель Прометея.txt,txt ЕвлампияРоманова/35 Огнетушитель Прометея.txt,evlampia/ЕР_Огнетушитель Прометея.txt
evlampia_058,Дарья Донцова,Ошибка Девочки-с-пальчик,Евлампия Романова,ЕР,2024,evlampia,ЕР_Ошибка Девочки-с-пальчик.txt,txt ЕвлампияРоманова/58 Ошибка Девочки-с-пальчик.txt,evlampia/ЕР_Ошибка Девочки-с-пальчик.txt
evlampia_002,Дарья Донцова,Покер с акулой,Евлампия Романова,ЕР,2000,evlampia,ЕР_Покер с акулой.txt,txt ЕвлампияРоманова/02 Покер с акулой.txt,evlampia/ЕР_Покер с акулой.txt
evlampia_015,Дарья Донцова,Принцесса на Кириешках,Евлампия Романова,ЕР,2004,evlampia,ЕР_Принцесса на Кириешках.txt,txt ЕвлампияРоманова/15 Принцесса на Кириешках.txt,evlampia/ЕР_Принцесса на Кириешках.txt
evlampia_008,Дарья Донцова,Прогноз гадостей на завтра,Евлампия Романова,ЕР,2001,evlampia,ЕР_Прогноз гадостей на завтра.txt,txt ЕвлампияРоманова/08 Прогноз гадостей на завтра.txt,evlampia/ЕР_Прогноз гадостей на завтра.txt
evlampia_043,Дарья Донцова,Пряник с черной икрой,Евлампия Романова,ЕР,2017,evlampia,ЕР_Пряник с черной икрой.txt,txt ЕвлампияРоманова/43 Пряник с черной икрой.txt,evlampia/ЕР_Пряник с черной икрой.txt
evlampia_044,Дарья Донцова,Пятизвездочный теремок,Евлампия Романова,ЕР,2018,evlampia,ЕР_Пятизвездочный теремок.txt,txt ЕвлампияРоманова/44 Пятизвездочный теремок.txt,evlampia/ЕР_Пятизвездочный теремок.txt
evlampia_003,Дарья Донцова,Сволочь ненаглядная,Евлампия Романова,ЕР,2000,evlampia,ЕР_Сволочь ненаглядная.txt,txt ЕвлампияРоманова/03 Сволочь ненаглядная.txt,evlampia/ЕР_Сволочь ненаглядная.txt
evlampia_014,Дарья Донцова,Синий мопс счастья,Евлампия Романова,ЕР,2004,evlampia,ЕР_Синий мопс счастья.txt,txt ЕвлампияРоманова/14 Синий мопс счастья.txt,evlampia/ЕР_Синий мопс счастья.txt
evlampia_006,Дарья Донцова,Созвездие жадных псов,Евлампия Романова,ЕР,2001,evlampia,ЕР_Созвездие жадных псов.txt,txt ЕвлампияРоманова/06 Созвездие жадных псов.txt,evlampia/ЕР_Созвездие жадных псов.txt
evlampia_061,Дарья Донцова,Такси до леса Берендея,Евлампия Романова,ЕР,2025,evlampia,ЕР_Такси до леса Берендея.txt,txt ЕвлампияРоманова/61 Такси до леса Берендея.txt,evlampia/ЕР_Такси до леса Берендея.txt
evlampia_023,Дарья Донцова,Фанера Милосская,Евлампия Романова,ЕР,2007,evlampia,ЕР_Фанера Милосская.txt,txt ЕвлампияРоманова/23 Фанера Милосская.txt,evlampia/ЕР_Фанера Милосская.txt
evlampia_010,Дарья Донцова,Фиговый листочек от кутюр,Евлампия Романова,ЕР,2002,evlampia,ЕР_Фиговый листочек от кутюр.txt,txt ЕвлампияРоманова/10 Фиговый листочек от кутюр.txt,evlampia/ЕР_Фиговый листочек от кутюр.txt
evlampia_019,Дарья Донцова,Фигура легкого эпатажа,Евлампия Романова,ЕР,2006,evlampia,ЕР_Фигура легкого эпатажа.txt,txt ЕвлампияРоманова/19 Фигура легкого эпатажа.txt,evlampia/ЕР_Фигура легкого эпатажа.txt
evlampia_024,Дарья Донцова,Фэн-шуй без тормозов,Евлампия Романова,ЕР,2008,evlampia,ЕР_Фэн-шуй без тормозов.txt,txt ЕвлампияРоманова/24 Фэн-шуй без тормозов.txt,evlampia/ЕР_Фэн-шуй без тормозов.txt
evlampia_009,Дарья Донцова,Хождение под мухой,Евлампия Романова,ЕР,2002,evlampia,ЕР_Хождение под мухой.txt,txt ЕвлампияРоманова/09 Хождение под мухой.txt,evlampia/ЕР_Хождение под мухой.txt
evlampia_051,Дарья Донцова,Хорошие манеры Соловья-разбойника,Евлампия Романова,ЕР,2021,evlampia,ЕР_Хорошие манеры Соловья-разбойника.txt,txt ЕвлампияРоманова/51 Хорошие манеры Соловья-разбойника.txt,evlampia/ЕР_Хорошие манеры Соловья-разбойника.txt
evlampia_032,Дарья Донцова,Черный список деда Мазая,Евлампия Романова,ЕР,2011,evlampia,ЕР_Черный список деда Мазая.txt,txt ЕвлампияРоманова/32 Черный список деда Мазая.txt,evlampia/ЕР_Черный список деда Мазая.txt
evlampia_059,Дарья Донцова,Чудо-юдо на охоте,Евлампия Романова,ЕР,2024,evlampia,ЕР_Чудо-юдо на охоте.txt,txt ЕвлампияРоманова/59 Чудо-юдо на охоте.txt,evlampia/ЕР_Чудо-юдо на охоте.txt
evlampia_025,Дарья Донцова,Шопинг в воздушном замке,Евлампия Романова,ЕР,2008,evlampia,ЕР_Шопинг в воздушном замке.txt,txt ЕвлампияРоманова/25 Шопинг в воздушном замке.txt,evlampia/ЕР_Шопинг в воздушном замке.txt
evlampia_039,Дарья Донцова,Шуры-муры с призраком,Евлампия Романова,ЕР,2015,evlampia,ЕР_Шуры-муры с призраком.txt,txt ЕвлампияРоманова/39 Шуры-муры с призраком.txt,evlampia/ЕР_Шуры-муры с призраком.txt
podushkin_004,Дарья Донцова,13 несчастий Геракла,Иван Подушкин,ИП,2003,podushkin,ИП_13 несчастий Геракла.txt,txt ИванПодушкин/04 13 несчастий Геракла.txt,podushkin/ИП_13 несчастий Геракла.txt
podushkin_020,Дарья Донцова,Авоська с Алмазным фондом,Иван Подушкин,ИП,2015,podushkin,ИП_Авоська с Алмазным фондом.txt,txt ИванПодушкин/20 Авоська с Алмазным фондом.txt,podushkin/ИП_Авоська с Алмазным фондом.txt
podushkin_005,Дарья Донцова,Али-Баба и сорок разбойниц,Иван Подушкин,ИП,2003,podushkin,ИП_Али-Баба и сорок разбойниц.txt,txt ИванПодушкин/05 Али-Баба и сорок разбойниц.txt,podushkin/ИП_Али-Баба и сорок разбойниц.txt
podushkin_015,Дарья Донцова,Ангел на метле,Иван Подушкин,ИП,2007,podushkin,ИП_Ангел на метле.txt,txt ИванПодушкин/15 Ангел на метле.txt,podushkin/ИП_Ангел на метле.txt
podushkin_027,Дарья Донцова,Архитектор пряничного домика,Иван Подушкин,ИП,2019,podushkin,ИП_Архитектор пряничного домика.txt,txt ИванПодушкин/27 Архитектор пряничного домика.txt,podushkin/ИП_Архитектор пряничного домика.txt
podushkin_022,Дарья Донцова,Астральное тело холостяка,Иван Подушкин,ИП,2017,podushkin,ИП_Астральное тело холостяка.txt,txt ИванПодушкин/22 Астральное тело холостяка.txt,podushkin/ИП_Астральное тело холостяка.txt
podushkin_032,Дарья Донцова,Бабулька на горошине,Иван Подушкин,ИП,2022,podushkin,ИП_Бабулька на горошине.txt,txt ИванПодушкин/32 Бабулька на горошине.txt,podushkin/ИП_Бабулька на горошине.txt
podushkin_024,Дарья Донцова,Блог проказника домового,Иван Подушкин,ИП,2018,podushkin,ИП_Блог проказника домового.txt,txt ИванПодушкин/24 Блог проказника домового.txt,podushkin/ИП_Блог проказника домового.txt
podushkin_002,Дарья Донцова,Бриллиант мутной воды,Иван Подушкин,ИП,2002,podushkin,ИП_Бриллиант мутной воды.txt,txt ИванПодушкин/02 Бриллиант мутной воды.txt,podushkin/ИП_Бриллиант мутной воды.txt
podushkin_001,Дарья Донцова,Букет прекрасных дам,Иван Подушкин,ИП,2002,podushkin,ИП_Букет прекрасных дам.txt,txt ИванПодушкин/01 Букет прекрасных дам.txt,podushkin/ИП_Букет прекрасных дам.txt
podushkin_026,Дарья Донцова,Венец безбрачия белого кролика,Иван Подушкин,ИП,2019,podushkin,ИП_Венец безбрачия белого кролика.txt,txt ИванПодушкин/26 Венец безбрачия белого кролика.txt,podushkin/ИП_Венец безбрачия белого кролика.txt
podushkin_034,Дарья Донцова,Венок из железных одуванчиков,Иван Подушкин,ИП,2023,podushkin,ИП_Венок из железных одуванчиков.txt,txt ИванПодушкин/34 Венок из железных одуванчиков.txt,podushkin/ИП_Венок из железных одуванчиков.txt
podushkin_014,Дарья Донцова,Верхом на «Титанике»,Иван Подушкин,ИП,2007,podushkin,ИП_Верхом на «Титанике».txt,txt ИванПодушкин/14 Верхом на «Титанике».txt,podushkin/ИП_Верхом на «Титанике».txt
podushkin_029,Дарья Донцова,"Глазастая, ушастая беда",Иван Подушкин,ИП,2020,podushkin,"ИП_Глазастая, ушастая беда.txt","txt ИванПодушкин/29 Глазастая, ушастая беда.txt","podushkin/ИП_Глазастая, ушастая беда.txt"
podushkin_025,Дарья Донцова,Гнездо перелетного сфинкса,Иван Подушкин,ИП,2018,podushkin,ИП_Гнездо перелетного сфинкса.txt,txt ИванПодушкин/25 Гнездо перелетного сфинкса.txt,podushkin/ИП_Гнездо перелетного сфинкса.txt
podushkin_037,Дарья Донцова,Гризли в белых носочках,Иван Подушкин,ИП,2024,podushkin,ИП_Гризли в белых носочках.txt,txt ИванПодушкин/37 Гризли в белых носочках.txt,podushkin/ИП_Гризли в белых носочках.txt
podushkin_009,Дарья Донцова,Две невесты на одно место,Иван Подушкин,ИП,2005,podushkin,ИП_Две невесты на одно место.txt,txt ИванПодушкин/09 Две невесты на одно место.txt,podushkin/ИП_Две невесты на одно место.txt
podushkin_035,Дарья Донцова,Дерзкие надежды Карабаса-Барабаса,Иван Подушкин,ИП,2023,podushkin,ИП_Дерзкие надежды Карабаса-Барабаса.txt,txt ИванПодушкин/35 Дерзкие надежды Карабаса-Барабаса.txt,podushkin/ИП_Дерзкие надежды Карабаса-Барабаса.txt
podushkin_030,Дарья Донцова,Иван Грозный на Мальдивах,Иван Подушкин,ИП,2021,podushkin,ИП_Иван Грозный на Мальдивах.txt,txt ИванПодушкин/30 Иван Грозный на Мальдивах.txt,podushkin/ИП_Иван Грозный на Мальдивах.txt
podushkin_036,Дарья Донцова,Иванушка на курьих ножках,Иван Подушкин,ИП,2024,podushkin,ИП_Иванушка на курьих ножках.txt,txt ИванПодушкин/36 Иванушка на курьих ножках.txt,podushkin/ИП_Иванушка на курьих ножках.txt
podushkin_003,Дарья Донцова,Инстинкт Бабы-Яги,Иван Подушкин,ИП,2002,podushkin,ИП_Инстинкт Бабы-Яги.txt,txt ИванПодушкин/03 Инстинкт Бабы-Яги.txt,podushkin/ИП_Инстинкт Бабы-Яги.txt
podushkin_038,Дарья Донцова,Кладбище чужих секретов,Иван Подушкин,ИП,2025,podushkin,ИП_Кладбище чужих секретов.txt,txt ИванПодушкин/38 Кладбище чужих секретов.txt,podushkin/ИП_Кладбище чужих секретов.txt
podushkin_033,Дарья Донцова,Корона Мышки-норушки,Иван Подушкин,ИП,2022,podushkin,ИП_Корона Мышки-норушки.txt,txt ИванПодушкин/33 Корона Мышки-норушки.txt,podushkin/ИП_Корона Мышки-норушки.txt
podushkin_021,Дарья Донцова,Коронный номер мистера Х,Иван Подушкин,ИП,2016,podushkin,ИП_Коронный номер мистера Х.txt,txt ИванПодушкин/21 Коронный номер мистера Х.txt,podushkin/ИП_Коронный номер мистера Х.txt
podushkin_023,Дарья Донцова,Кто в чемодане живет,Иван Подушкин,ИП,2017,podushkin,ИП_Кто в чемодане живет.txt,txt ИванПодушкин/23 Кто в чемодане живет.txt,podushkin/ИП_Кто в чемодане живет.txt
podushkin_013,Дарья Донцова,Мачо чужой мечты,Иван Подушкин,ИП,2006,podushkin,ИП_Мачо чужой мечты.txt,txt ИванПодушкин/13 Мачо чужой мечты.txt,podushkin/ИП_Мачо чужой мечты.txt
podushkin_006,Дарья Донцова,Надувная женщина для Казановы,Иван Подушкин,ИП,2004,podushkin,ИП_Надувная женщина для Казановы.txt,txt ИванПодушкин/06 Надувная женщина для Казановы.txt,podushkin/ИП_Надувная женщина для Казановы.txt
podushkin_028,Дарья Донцова,Особа королевских ролей,Иван Подушкин,ИП,2019,podushkin,ИП_Особа королевских ролей.txt,txt ИванПодушкин/28 Особа королевских ролей.txt,podushkin/ИП_Особа королевских ролей.txt
podushkin_012,Дарья Донцова,Пикник на острове сокровищ,Иван Подушкин,ИП,2006,podushkin,ИП_Пикник на острове сокровищ.txt,txt ИванПодушкин/12 Пикник на острове сокровищ.txt,podushkin/ИП_Пикник на острове сокровищ.txt
podushkin_016,Дарья Донцова,Продюсер козьей морды,Иван Подушкин,ИП,2008,podushkin,ИП_Продюсер козьей морды.txt,txt ИванПодушкин/16 Продюсер козьей морды.txt,podushkin/ИП_Продюсер козьей морды.txt
podushkin_008,Дарья Донцова,Рыбка по имени Зайка,Иван Подушкин,ИП,2004,podushkin,ИП_Рыбка по имени Зайка.txt,txt ИванПодушкин/08 Рыбка по имени Зайка.txt,podushkin/ИП_Рыбка по имени Зайка.txt
podushkin_010,Дарья Донцова,Сафари на черепашку,Иван Подушкин,ИП,2005,podushkin,ИП_Сафари на черепашку.txt,txt ИванПодушкин/10 Сафари на черепашку.txt,podushkin/ИП_Сафари на черепашку.txt
podushkin_017,Дарья Донцова,Смех и грех Ивана-царевича,Иван Подушкин,ИП,2013,podushkin,ИП_Смех и грех Ивана-царевича.txt,txt ИванПодушкин/17 Смех и грех Ивана-царевича.txt,podushkin/ИП_Смех и грех Ивана-царевича.txt
podushkin_019,Дарья Донцова,Судьба найдет на сеновале,Иван Подушкин,ИП,2014,podushkin,ИП_Судьба найдет на сеновале.txt,txt ИванПодушкин/19 Судьба найдет на сеновале.txt,podushkin/ИП_Судьба найдет на сеновале.txt
podushkin_018,Дарья Донцова,Тайная связь его величества,Иван Подушкин,ИП,2014,podushkin,ИП_Тайная связь его величества.txt,txt ИванПодушкин/18 Тайная связь его величества.txt,podushkin/ИП_Тайная связь его величества.txt
podushkin_007,Дарья Донцова,Тушканчик в бигудях,Иван Подушкин,ИП,2004,podushkin,ИП_Тушканчик в бигудях.txt,txt ИванПодушкин/07 Тушканчик в бигудях.txt,podushkin/ИП_Тушканчик в бигудях.txt
podushkin_031,Дарья Донцова,Чучело от первого брака,Иван Подушкин,ИП,2021,podushkin,ИП_Чучело от первого брака.txt,txt ИванПодушкин/31 Чучело от первого брака.txt,podushkin/ИП_Чучело от первого брака.txt
podushkin_011,Дарья Донцова,Яблоко Монте-Кристо,Иван Подушкин,ИП,2006,podushkin,ИП_Яблоко Монте-Кристо.txt,txt ИванПодушкин/11 Яблоко Монте-Кристо.txt,podushkin/ИП_Яблоко Монте-Кристо.txt
kozlova_018,Дарья Донцова,Аукцион волшебного хлама,Степанида Козлова,СК,2023,kozlova,СК_Аукцион волшебного хлама.txt,txt СтепанидаКозлова/18 Аукцион волшебного хлама.txt,kozlova/СК_Аукцион волшебного хлама.txt
kozlova_011,Дарья Донцова,Бизнес-план трех богатырей,Степанида Козлова,СК,2016,kozlova,СК_Бизнес-план трех богатырей.txt,txt СтепанидаКозлова/11 Бизнес-план трех богатырей.txt,kozlova/СК_Бизнес-план трех богатырей.txt
kozlova_014,Дарья Донцова,Вредная волшебная палочка,Степанида Козлова,СК,2019,kozlova,СК_Вредная волшебная палочка.txt,txt СтепанидаКозлова/14 Вредная волшебная палочка.txt,kozlova/СК_Вредная волшебная палочка.txt
kozlova_012,Дарья Донцова,Голое платье звезды,Степанида Козлова,СК,2017,kozlova,СК_Голое платье звезды.txt,txt СтепанидаКозлова/12 Голое платье звезды.txt,kozlova/СК_Голое платье звезды.txt
kozlova_005,Дарья Донцова,Дворец со съехавшей крышей,Степанида Козлова,СК,2012,kozlova,СК_Дворец со съехавшей крышей.txt,txt СтепанидаКозлова/05 Дворец со съехавшей крышей.txt,kozlova/СК_Дворец со съехавшей крышей.txt
kozlova_017,Дарья Донцова,Дед Яга и его дети,Степанида Козлова,СК,2022,kozlova,СК_Дед Яга и его дети.txt,txt СтепанидаКозлова/17 Дед Яга и его дети.txt,kozlova/СК_Дед Яга и его дети.txt
kozlova_016,Дарья Донцова,Дресс-код летучей мыши,Степанида Козлова,СК,2021,kozlova,СК_Дресс-код летучей мыши.txt,txt СтепанидаКозлова/16 Дресс-код летучей мыши.txt,kozlova/СК_Дресс-код летучей мыши.txt
kozlova_003,Дарья Донцова,Женихи воскресают по пятницам,Степанида Козлова,СК,2012,kozlova,СК_Женихи воскресают по пятницам.txt,txt СтепанидаКозлова/03 Женихи воскресают по пятницам.txt,kozlova/СК_Женихи воскресают по пятницам.txt
kozlova_002,Дарья Донцова,Живая вода мертвой царевны,Степанида Козлова,СК,2011,kozlova,СК_Живая вода мертвой царевны.txt,txt СтепанидаКозлова/02 Живая вода мертвой царевны.txt,kozlova/СК_Живая вода мертвой царевны.txt
kozlova_004,Дарья Донцова,Клеопатра с парашютом,Степанида Козлова,СК,2012,kozlova,СК_Клеопатра с парашютом.txt,txt СтепанидаКозлова/04 Клеопатра с парашютом.txt,kozlova/СК_Клеопатра с парашютом.txt
kozlova_006,Дарья Донцова,Княжна с тараканами,Степанида Козлова,СК,2013,kozlova,СК_Княжна с тараканами.txt,txt СтепанидаКозлова/06 Княжна с тараканами.txt,kozlova/СК_Княжна с тараканами.txt
kozlova_009,Дарья Донцова,Лунатик исчезает в полночь,Степанида Козлова,СК,2014,kozlova,СК_Лунатик исчезает в полночь.txt,txt СтепанидаКозлова/09 Лунатик исчезает в полночь.txt,kozlova/СК_Лунатик исчезает в полночь.txt
kozlova_010,Дарья Донцова,Мачеха в хрустальных галошах,Степанида Козлова,СК,2015,kozlova,СК_Мачеха в хрустальных галошах.txt,txt СтепанидаКозлова/10 Мачеха в хрустальных галошах.txt,kozlova/СК_Мачеха в хрустальных галошах.txt
kozlova_019,Дарья Донцова,Обида Крошечки-Хаврошечки,Степанида Козлова,СК,2024,kozlova,СК_Обида Крошечки-Хаврошечки.txt,txt СтепанидаКозлова/19 Обида Крошечки-Хаврошечки.txt,kozlova/СК_Обида Крошечки-Хаврошечки.txt
kozlova_013,Дарья Донцова,Презентация ящика Пандоры,Степанида Козлова,СК,2018,kozlova,СК_Презентация ящика Пандоры.txt,txt СтепанидаКозлова/13 Презентация ящика Пандоры.txt,kozlova/СК_Презентация ящика Пандоры.txt
kozlova_001,Дарья Донцова,Развесистая клюква Голливуда,Степанида Козлова,СК,2011,kozlova,СК_Развесистая клюква Голливуда.txt,txt СтепанидаКозлова/01 Развесистая клюква Голливуда.txt,kozlova/СК_Развесистая клюква Голливуда.txt
kozlova_007,Дарья Донцова,Укротитель Медузы горгоны,Степанида Козлова,СК,2013,kozlova,СК_Укротитель Медузы горгоны.txt,txt СтепанидаКозлова/07 Укротитель Медузы горгоны.txt,kozlova/СК_Укротитель Медузы горгоны.txt
kozlova_015,Дарья Донцова,Хип-хоп маленьких лебедей,Степанида Козлова,СК,2020,kozlova,СК_Хип-хоп маленьких лебедей.txt,txt СтепанидаКозлова/15 Хип-хоп маленьких лебедей.txt,kozlova/СК_Хип-хоп маленьких лебедей.txt
kozlova_008,Дарья Донцова,Хищный аленький цветочек,Степанида Козлова,СК,2014,kozlova,СК_Хищный аленький цветочек.txt,txt СтепанидаКозлова/08 Хищный аленький цветочек.txt,kozlova/СК_Хищный аленький цветочек.txt
sergeeva_009,Дарья Донцова,Агент 013,Татьяна Сергеева,ТС,2010,sergeeva,ТС_Агент 013.txt,txt ТатьянаСергеева/08 Агент 013.txt,sergeeva/ТС_Агент 013.txt
sergeeva_038,Дарья Донцова,Амур с гранатой,Татьяна Сергеева,ТС,2024,sergeeva,ТС_Амур с гранатой.txt,txt ТатьянаСергеева/37. Амур с гранатой.txt,sergeeva/ТС_Амур с гранатой.txt
sergeeva_018,Дарья Донцова,Бабки царя Соломона,Татьяна Сергеева,ТС,2014,sergeeva,ТС_Бабки царя Соломона.txt,txt ТатьянаСергеева/17 Бабки царя Соломона.txt,sergeeva/ТС_Бабки царя Соломона.txt
sergeeva_033,Дарья Донцова,Бегемот под майонезом,Татьяна Сергеева,ТС,2022,sergeeva,ТС_Бегемот под майонезом.txt,txt ТатьянаСергеева/32 Бегемот под майонезом.txt,sergeeva/ТС_Бегемот под майонезом.txt
sergeeva_020,Дарья Донцова,Бермудский треугольник черной вдовы,Татьяна Сергеева,ТС,2015,sergeeva,ТС_Бермудский треугольник черной вдовы.txt,txt ТатьянаСергеева/19 Бермудский треугольник черной вдовы.txt,sergeeva/ТС_Бермудский треугольник черной вдовы.txt
sergeeva_039,Дарья Донцова,Бумеранг с автопилотом,Татьяна Сергеева,ТС,2025,sergeeva,ТС_Бумеранг с автопилотом.txt,txt ТатьянаСергеева/38. Бумеранг с автопилотом.txt,sergeeva/ТС_Бумеранг с автопилотом.txt
sergeeva_013,Дарья Донцова,Версаль под хохлому,Татьяна Сергеева,ТС,2012,sergeeva,ТС_Версаль под хохлому.txt,txt ТатьянаСергеева/12 Версаль под хохлому.txt,sergeeva/ТС_Версаль под хохлому.txt
sergeeva_014,Дарья Донцова,Всем сестрам по мозгам,Татьяна Сергеева,ТС,2012,sergeeva,ТС_Всем сестрам по мозгам.txt,txt ТатьянаСергеева/13 Всем сестрам по мозгам.txt,sergeeva/ТС_Всем сестрам по мозгам.txt
sergeeva_021,Дарья Донцова,Вулкан страстей наивной незабудки,Татьяна Сергеева,ТС,2016,sergeeva,ТС_Вулкан страстей наивной незабудки.txt,txt ТатьянаСергеева/20 Вулкан страстей наивной незабудки.txt,sergeeva/ТС_Вулкан страстей наивной незабудки.txt
sergeeva_007,Дарья Донцова,Дед Снегур и Морозочка,Татьяна Сергеева,ТС,2009,sergeeva,ТС_Дед Снегур и Морозочка.txt,txt ТатьянаСергеева/06 Дед Снегур и Морозочка.txt,sergeeva/ТС_Дед Снегур и Морозочка.txt
sergeeva_011,Дарья Донцова,Дедушка на выданье,Татьяна Сергеева,ТС,2011,sergeeva,ТС_Дедушка на выданье.txt,txt ТатьянаСергеева/10 Дедушка на выданье.txt,sergeeva/ТС_Дедушка на выданье.txt
sergeeva_003,Дарья Донцова,Диета для трех поросят,Татьяна Сергеева,ТС,2008,sergeeva,ТС_Диета для трех поросят.txt,txt ТатьянаСергеева/02 Диета для трех поросят.txt,sergeeva/ТС_Диета для трех поросят.txt
sergeeva_025,Дарья Донцова,Запасной выход из комы,Татьяна Сергеева,ТС,2018,sergeeva,ТС_Запасной выход из комы.txt,txt ТатьянаСергеева/24 Запасной выход из комы.txt,sergeeva/ТС_Запасной выход из комы.txt
sergeeva_029,Дарья Донцова,Золотая середина ослика Иа,Татьяна Сергеева,ТС,2020,sergeeva,ТС_Золотая середина ослика Иа.txt,txt ТатьянаСергеева/28 Золотая середина ослика Иа.txt,sergeeva/ТС_Золотая середина ослика Иа.txt
sergeeva_008,Дарья Донцова,Золотое правило Трехпудовочки,Татьяна Сергеева,ТС,2010,sergeeva,ТС_Золотое правило Трехпудовочки.txt,txt ТатьянаСергеева/07 Золотое правило Трехпудовочки.txt,sergeeva/ТС_Золотое правило Трехпудовочки.txt
sergeeva_006,Дарья Донцова,Идеальное тело Пятачка,Татьяна Сергеева,ТС,2009,sergeeva,ТС_Идеальное тело Пятачка.txt,txt ТатьянаСергеева/05 Идеальное тело Пятачка.txt,sergeeva/ТС_Идеальное тело Пятачка.txt
sergeeva_004,Дарья Донцова,"Инь, янь и всякая дрянь",Татьяна Сергеева,ТС,2008,sergeeva,"ТС_Инь, янь и всякая дрянь.txt","txt ТатьянаСергеева/03 Инь, янь и всякая дрянь.txt","sergeeva/ТС_Инь, янь и всякая дрянь.txt"
sergeeva_037,Дарья Донцова,Кукушонок из семьи дровосеков,Татьяна Сергеева,ТС,2024,sergeeva,ТС_Кукушонок из семьи дровосеков.txt,txt ТатьянаСергеева/36. Кукушонок из семьи дровосеков.txt,sergeeva/ТС_Кукушонок из семьи дровосеков.txt
sergeeva_034,Дарья Донцова,Курятник в пентхаусе,Татьяна Сергеева,ТС,2022,sergeeva,ТС_Курятник в пентхаусе.txt,txt ТатьянаСергеева/33 Курятник в пентхаусе.txt,sergeeva/ТС_Курятник в пентхаусе.txt
sergeeva_030,Дарья Донцова,Лазурный берег болота,Татьяна Сергеева,ТС,2020,sergeeva,ТС_Лазурный берег болота.txt,txt ТатьянаСергеева/29 Лазурный берег болота.txt,sergeeva/ТС_Лазурный берег болота.txt
sergeeva_023,Дарья Донцова,Львиная доля серой мышки,Татьяна Сергеева,ТС,2017,sergeeva,ТС_Львиная доля серой мышки.txt,txt ТатьянаСергеева/22 Львиная доля серой мышки.txt,sergeeva/ТС_Львиная доля серой мышки.txt
sergeeva_019,Дарья Донцова,Любовное зелье колдуна-болтуна,Татьяна Сергеева,ТС,2015,sergeeva,ТС_Любовное зелье колдуна-болтуна.txt,txt ТатьянаСергеева/18 Любовное зелье колдуна-болтуна.txt,sergeeva/ТС_Любовное зелье колдуна-болтуна.txt
sergeeva_031,Дарья Донцова,Мадам Белая Поганка,Татьяна Сергеева,ТС,2021,sergeeva,ТС_Мадам Белая Поганка.txt,txt ТатьянаСергеева/30 Мадам Белая Поганка.txt,sergeeva/ТС_Мадам Белая Поганка.txt
sergeeva_005,Дарья Донцова,Микроб без комплексов,Татьяна Сергеева,ТС,2009,sergeeva,ТС_Микроб без комплексов.txt,txt ТатьянаСергеева/04 Микроб без комплексов.txt,sergeeva/ТС_Микроб без комплексов.txt
sergeeva_027,Дарья Донцова,Мохнатая лапа Герасима,Татьяна Сергеева,ТС,2019,sergeeva,ТС_Мохнатая лапа Герасима.txt,txt ТатьянаСергеева/26 Мохнатая лапа Герасима.txt,sergeeva/ТС_Мохнатая лапа Герасима.txt
sergeeva_024,Дарья Донцова,Оберег от испанской страсти,Татьяна Сергеева,ТС,2017,sergeeva,ТС_Оберег от испанской страсти.txt,txt ТатьянаСергеева/23 Оберег от испанской страсти.txt,sergeeva/ТС_Оберег от испанской страсти.txt
sergeeva_036,Дарья Донцова,Пирог от сапожника,Татьяна Сергеева,ТС,2023,sergeeva,ТС_Пирог от сапожника.txt,txt ТатьянаСергеева/35 Пирог от сапожника..txt,sergeeva/ТС_Пирог от сапожника.txt
sergeeva_010,Дарья Донцова,Рваные валенки мадам Помпадур,Татьяна Сергеева,ТС,2010,sergeeva,ТС_Рваные валенки мадам Помпадур.txt,txt ТатьянаСергеева/09 Рваные валенки мадам Помпадур.txt,sergeeva/ТС_Рваные валенки мадам Помпадур.txt
sergeeva_017,Дарья Донцова,Сбылась мечта бегемота,Татьяна Сергеева,ТС,2014,sergeeva,ТС_Сбылась мечта бегемота.txt,txt ТатьянаСергеева/16 Сбылась мечта бегемота.txt,sergeeva/ТС_Сбылась мечта бегемота.txt
sergeeva_001,Дарья Донцова,Старуха Кристи – отдыхает!,Татьяна Сергеева,ТС,2005,sergeeva,ТС_Старуха Кристи – отдыхает!.txt,txt ТатьянаСергеева/01 Старуха Кристи – отдыхает!.txt,sergeeva/ТС_Старуха Кристи – отдыхает!.txt
sergeeva_022,Дарья Донцова,Страсти-мордасти рогоносца,Татьяна Сергеева,ТС,2016,sergeeva,ТС_Страсти-мордасти рогоносца.txt,txt ТатьянаСергеева/21 Страсти-мордасти рогоносца.txt,sergeeva/ТС_Страсти-мордасти рогоносца.txt
sergeeva_016,Дарья Донцова,Толстушка под прикрытием,Татьяна Сергеева,ТС,2013,sergeeva,ТС_Толстушка под прикрытием.txt,txt ТатьянаСергеева/15 Толстушка под прикрытием.txt,sergeeva/ТС_Толстушка под прикрытием.txt
sergeeva_015,Дарья Донцова,Фуа-гра из топора,Татьяна Сергеева,ТС,2013,sergeeva,ТС_Фуа-гра из топора.txt,txt ТатьянаСергеева/14 Фуа-гра из топора.txt,sergeeva/ТС_Фуа-гра из топора.txt
sergeeva_035,Дарья Донцова,Цыпленок Лисы Патрикеевны,Татьяна Сергеева,ТС,2023,sergeeva,ТС_Цыпленок Лисы Патрикеевны.txt,txt ТатьянаСергеева/34 Цыпленок Лисы Патрикеевны.txt,sergeeva/ТС_Цыпленок Лисы Патрикеевны.txt
sergeeva_032,Дарья Донцова,Чугунные сапоги-скороходы,Татьяна Сергеева,ТС,2021,sergeeva,ТС_Чугунные сапоги-скороходы.txt,txt ТатьянаСергеева/31 Чугунные сапоги-скороходы.txt,sergeeva/ТС_Чугунные сапоги-скороходы.txt
sergeeva_028,Дарья Донцова,Чёрная жемчужина раздора,Татьяна Сергеева,ТС,2019,sergeeva,ТС_Чёрная жемчужина раздора.txt,txt ТатьянаСергеева/27 Чёрная жемчужина раздора.txt,sergeeva/ТС_Чёрная жемчужина раздора.txt
sergeeva_012,Дарья Донцова,Шекспир курит в сторонке,Татьяна Сергеева,ТС,2011,sergeeva,ТС_Шекспир курит в сторонке.txt,txt ТатьянаСергеева/11 Шекспир курит в сторонке.txt,sergeeva/ТС_Шекспир курит в сторонке.txt
sergeeva_026,Дарья Донцова,Шоколадное пугало,Татьяна Сергеева,ТС,2018,sergeeva,ТС_Шоколадное пугало.txt,txt ТатьянаСергеева/25 Шоколадное пугало.txt,sergeeva/ТС_Шоколадное пугало.txt
