id,series_code,серия,название,год,имя_файла,путь_исходник,путь_clean,слова_clean,токены_clean,строки_clean,символы_clean,токены_исходник,доля_токенов_сохранено,короткий_текст,для_сравнения,повреждена_очисткой
podushkin_040,ИП,Иван Подушкин,Цикл Джентльмен сыска Иван Подушкин. Книги 1-27,2002,ИП_Цикл Джентльмен сыска Иван Подушкин. Книги 1-27.txt,txt ИванПодушкин/Цикл Джентльмен сыска Иван Подушкин. Книги 1-27.txt,podushkin/ИП_Цикл Джентльмен сыска Иван Подушкин. Книги 1-27.txt,0,0,0,0,1813641,0.0,,,да
viola_055,ВТ,Виола Тараканова,Балерина в бахилах,2008,ВТ_Балерина в бахилах.txt,txt ВиолаТараканова/Балерина в бахилах.txt,viola/ВТ_Балерина в бахилах.txt,5137,4699,289,32313,4754,0.988,да,,
sergeeva_042,ТС,Татьяна Сергеева,Секретное женское оружие,2010,ТС_Секретное женское оружие.txt,txt ТатьянаСергеева/Секретное женское оружие.txt,sergeeva/ТС_Секретное женское оружие.txt,5509,5202,240,36405,5218,0.997,да,,
sergeeva_041,ТС,Татьяна Сергеева,Рождественский кролик,2011,ТС_Рождественский кролик.txt,txt ТатьянаСергеева/Рождественский кролик.txt,sergeeva/ТС_Рождественский кролик.txt,5823,5412,242,36520,5511,0.982,да,,
podushkin_039,ИП,Иван Подушкин,Подарок для бабушки,2015,ИП_Подарок для бабушки.txt,txt ИванПодушкин/Подарок для бабушки.txt,podushkin/ИП_Подарок для бабушки.txt,6674,6408,231,43382,6505,0.985,да,,
sergeeva_040,ТС,Татьяна Сергеева,Белка с часами,2008,ТС_Белка с часами.txt,txt ТатьянаСергеева/Белка с часами.txt,sergeeva/ТС_Белка с часами.txt,7454,7029,287,46864,7044,0.998,да,,
evlampia_063,ЕР,Евлампия Романова,Ключ от денег,2007,ЕР_Ключ от денег.txt,txt ЕвлампияРоманова/Ключ от денег.txt,evlampia/ЕР_Ключ от денег.txt,7822,7166,449,48497,7205,0.995,да,,
dasha_078,ДВ,Даша Васильева,Настоящая рождественская сказка,2005,ДВ_Настоящая рождественская сказка.txt,txt ДашаВасильева/Настоящая рождественская сказка.txt,dasha/ДВ_Настоящая рождественская сказка.txt,7590,7200,312,48199,7239,0.995,да,,
dasha_079,ДВ,Даша Васильева,Эскимос с Марса,2009,ДВ_Эскимос с Марса.txt,txt ДашаВасильева/Эскимос с Марса.txt,dasha/ДВ_Эскимос с Марса.txt,8831,8045,513,55735,8104,0.993,да,,
sergeeva_002,ТС,Татьяна Сергеева,Британец китайского производства. Народный детектив,2005,ТС_Британец китайского производства. Народный детектив.txt,txt ТатьянаСергеева/02 Британец китайского производства. Народный детектив.txt,sergeeva/ТС_Британец китайского производства. Народный детектив.txt,14236,13550,657,89532,13633,0.994,,,
dasha_064,ДВ,Даша Васильева,Вакантное место райской птички,2021,ДВ_Вакантное место райской птички.txt,txt ДашаВасильева/63 Вакантное место райской птички.txt,dasha/ДВ_Вакантное место райской птички.txt,39666,36963,4904,247348,49578,0.746,,да,
kozlova_002,СК,Степанида Козлова,Живая вода мертвой царевны,2011,СК_Живая вода мертвой царевны.txt,txt СтепанидаКозлова/02 Живая вода мертвой царевны.txt,kozlova/СК_Живая вода мертвой царевны.txt,39326,36964,4141,248988,67975,0.544,,да,
podushkin_007,ИП,Иван Подушкин,Тушканчик в бигудях,2004,ИП_Тушканчик в бигудях.txt,txt ИванПодушкин/07 Тушканчик в бигудях.txt,podushkin/ИП_Тушканчик в бигудях.txt,39504,36965,4316,246756,82891,0.446,,да,
podushkin_035,ИП,Иван Подушкин,Дерзкие надежды Карабаса-Барабаса,2023,ИП_Дерзкие надежды Карабаса-Барабаса.txt,txt ИванПодушкин/35 Дерзкие надежды Карабаса-Барабаса.txt,podushkin/ИП_Дерзкие надежды Карабаса-Барабаса.txt,38917,36968,4522,248088,41792,0.885,,да,
kozlova_001,СК,Степанида Козлова,Развесистая клюква Голливуда,2011,СК_Развесистая клюква Голливуда.txt,txt СтепанидаКозлова/01 Развесистая клюква Голливуда.txt,kozlova/СК_Развесистая клюква Голливуда.txt,39350,36968,4512,252598,79805,0.463,,да,
kozlova_020,СК,Степанида Козлова,Развесистая клюква Голливуда,2011,СК_Развесистая клюква Голливуда (2).txt,txt СтепанидаКозлова/Донцова 01 Развесистая клюква Голливуда.txt,kozlova/СК_Развесистая клюква Голливуда (2).txt,39350,36968,4512,252598,0,,,да,
viola_029,ВТ,Виола Тараканова,Дьявол носит лапти,2011,ВТ_Дьявол носит лапти.txt,txt ВиолаТараканова/29 Дьявол носит лапти.txt,viola/ВТ_Дьявол носит лапти.txt,39312,36969,4357,252802,64952,0.569,,да,
podushkin_001,ИП,Иван Подушкин,Букет прекрасных дам,2002,ИП_Букет прекрасных дам.txt,txt ИванПодушкин/01 Букет прекрасных дам.txt,podushkin/ИП_Букет прекрасных дам.txt,39498,36973,4030,249192,74533,0.496,,да,
sergeeva_029,ТС,Татьяна Сергеева,Золотая середина ослика Иа,2020,ТС_Золотая середина ослика Иа.txt,txt ТатьянаСергеева/28 Золотая середина ослика Иа.txt,sergeeva/ТС_Золотая середина ослика Иа.txt,39599,36973,4678,246333,53162,0.695,,да,
evlampia_005,ЕР,Евлампия Романова,Обед у людоеда,2001,ЕР_Обед у людоеда.txt,txt ЕвлампияРоманова/05 Обед у людоеда.txt,evlampia/ЕР_Обед у людоеда.txt,39173,36975,3931,249701,77259,0.479,,да,
viola_036,ВТ,Виола Тараканова,Магия госпожи Метелицы,2015,ВТ_Магия госпожи Метелицы.txt,txt ВиолаТараканова/36 Магия госпожи Метелицы.txt,viola/ВТ_Магия госпожи Метелицы.txt,38875,36976,3820,251874,67166,0.551,,да,
dasha_027,ДВ,Даша Васильева,Небо в рублях,2005,ДВ_Небо в рублях.txt,txt ДашаВасильева/26 Небо в рублях.txt,dasha/ДВ_Небо в рублях.txt,39604,36976,4727,248091,79264,0.466,,да,
dasha_037,ДВ,Даша Васильева,Клетчатая зебра,2009,ДВ_Клетчатая зебра.txt,txt ДашаВасильева/36 Клетчатая зебра.txt,dasha/ДВ_Клетчатая зебра.txt,39324,36977,4185,251108,71460,0.517,,да,
dasha_026,ДВ,Даша Васильева,Компот из запретного плода,2005,ДВ_Компот из запретного плода.txt,txt ДашаВасильева/25 Компот из запретного плода.txt,dasha/ДВ_Компот из запретного плода.txt,39632,36980,4011,249762,82253,0.45,,да,
dasha_017,ДВ,Даша Васильева,Бенефис мартовской кошки,2002,ДВ_Бенефис мартовской кошки.txt,txt ДашаВасильева/16 Бенефис мартовской кошки.txt,dasha/ДВ_Бенефис мартовской кошки.txt,38929,36981,3817,248550,77257,0.479,,да,
viola_047,ВТ,Виола Тараканова,Козлёнок Алёнушка,2021,ВТ_Козлёнок Алёнушка.txt,txt ВиолаТараканова/47 Козлёнок Алёнушка.txt,viola/ВТ_Козлёнок Алёнушка.txt,39479,36981,4832,249929,50969,0.726,,да,
podushkin_033,ИП,Иван Подушкин,Корона Мышки-норушки,2022,ИП_Корона Мышки-норушки.txt,txt ИванПодушкин/33 Корона Мышки-норушки.txt,podushkin/ИП_Корона Мышки-норушки.txt,39242,36981,4473,248931,45700,0.809,,да,
podushkin_006,ИП,Иван Подушкин,Надувная женщина для Казановы,2004,ИП_Надувная женщина для Казановы.txt,txt ИванПодушкин/06 Надувная женщина для Казановы.txt,podushkin/ИП_Надувная женщина для Казановы.txt,39346,36981,4327,247262,74645,0.495,,да,
kozlova_019,СК,Степанида Козлова,Обида Крошечки-Хаврошечки,2024,СК_Обида Крошечки-Хаврошечки.txt,txt СтепанидаКозлова/19 Обида Крошечки-Хаврошечки.txt,kozlova/СК_Обида Крошечки-Хаврошечки.txt,39317,36981,4956,250025,40684,0.909,,да,
evlampia_042,ЕР,Евлампия Романова,Гороскоп птицы Феникс,2017,ЕР_Гороскоп птицы Феникс.txt,txt ЕвлампияРоманова/42 Гороскоп птицы Феникс.txt,evlampia/ЕР_Гороскоп птицы Феникс.txt,39378,36982,4558,248758,69205,0.534,,да,
evlampia_057,ЕР,Евлампия Романова,Витязь в розовых штанах,2023,ЕР_Витязь в розовых штанах.txt,txt ЕвлампияРоманова/57  Витязь в розовых штанах.txt,evlampia/ЕР_Витязь в розовых штанах.txt,39056,36983,4782,249562,37797,0.978,,да,
sergeeva_025,ТС,Татьяна Сергеева,Запасной выход из комы,2018,ТС_Запасной выход из комы.txt,txt ТатьянаСергеева/24 Запасной выход из комы.txt,sergeeva/ТС_Запасной выход из комы.txt,39715,36983,5014,249211,53874,0.686,,да,
sergeeva_008,ТС,Татьяна Сергеева,Золотое правило Трехпудовочки,2010,ТС_Золотое правило Трехпудовочки.txt,txt ТатьянаСергеева/07 Золотое правило Трехпудовочки.txt,sergeeva/ТС_Золотое правило Трехпудовочки.txt,39542,36983,4243,251569,65974,0.561,,да,
dasha_040,ДВ,Даша Васильева,Лебединое озеро Ихтиандра,2010,ДВ_Лебединое озеро Ихтиандра.txt,txt ДашаВасильева/39 Лебединое озеро Ихтиандра.txt,dasha/ДВ_Лебединое озеро Ихтиандра.txt,40047,36984,4657,254043,72292,0.512,,да,
kozlova_009,СК,Степанида Козлова,Лунатик исчезает в полночь,2014,СК_Лунатик исчезает в полночь.txt,txt СтепанидаКозлова/09 Лунатик исчезает в полночь.txt,kozlova/СК_Лунатик исчезает в полночь.txt,39075,36984,4408,249088,69281,0.534,,да,
sergeeva_037,ТС,Татьяна Сергеева,Кукушонок из семьи дровосеков,2024,ТС_Кукушонок из семьи дровосеков.txt,txt ТатьянаСергеева/36. Кукушонок из семьи дровосеков.txt,sergeeva/ТС_Кукушонок из семьи дровосеков.txt,39338,36985,4944,248892,41863,0.883,,да,
evlampia_009,ЕР,Евлампия Романова,Хождение под мухой,2002,ЕР_Хождение под мухой.txt,txt ЕвлампияРоманова/09 Хождение под мухой.txt,evlampia/ЕР_Хождение под мухой.txt,39548,36985,4302,250313,70327,0.526,,да,
evlampia_026,ЕР,Евлампия Романова,Брачный контракт кентавра,2009,ЕР_Брачный контракт кентавра.txt,txt ЕвлампияРоманова/26 Брачный контракт кентавра.txt,evlampia/ЕР_Брачный контракт кентавра.txt,39493,36986,4207,248734,73288,0.505,,да,
kozlova_005,СК,Степанида Козлова,Дворец со съехавшей крышей,2012,СК_Дворец со съехавшей крышей.txt,txt СтепанидаКозлова/05 Дворец со съехавшей крышей.txt,kozlova/СК_Дворец со съехавшей крышей.txt,39276,36986,4449,249883,67949,0.544,,да,
evlampia_022,ЕР,Евлампия Романова,Нежный супруг олигарха,2007,ЕР_Нежный супруг олигарха.txt,txt ЕвлампияРоманова/22 Нежный супруг олигарха.txt,evlampia/ЕР_Нежный супруг олигарха.txt,39950,36986,4809,250194,69918,0.529,,да,
evlampia_002,ЕР,Евлампия Романова,Покер с акулой,2000,ЕР_Покер с акулой.txt,txt ЕвлампияРоманова/02 Покер с акулой.txt,evlampia/ЕР_Покер с акулой.txt,39223,36986,3720,253471,70927,0.521,,да,
podushkin_020,ИП,Иван Подушкин,Авоська с Алмазным фондом,2015,ИП_Авоська с Алмазным фондом.txt,txt ИванПодушкин/20 Авоська с Алмазным фондом.txt,podushkin/ИП_Авоська с Алмазным фондом.txt,38650,36987,3988,246280,67037,0.552,,да,
podushkin_026,ИП,Иван Подушкин,Венец безбрачия белого кролика,2019,ИП_Венец безбрачия белого кролика.txt,txt ИванПодушкин/26 Венец безбрачия белого кролика.txt,podushkin/ИП_Венец безбрачия белого кролика.txt,39373,36987,5186,246745,61204,0.604,,да,
viola_016,ВТ,Виола Тараканова,Монстры из хорошей семьи,2007,ВТ_Монстры из хорошей семьи.txt,txt ВиолаТараканова/16 Монстры из хорошей семьи.txt,viola/ВТ_Монстры из хорошей семьи.txt,39876,36987,4577,252074,74870,0.494,,да,
dasha_008,ДВ,Даша Васильева,Несекретные материалы,2000,ДВ_Несекретные материалы.txt,txt ДашаВасильева/07 Несекретные материалы.txt,dasha/ДВ_Несекретные материалы.txt,38813,36987,3881,254396,78607,0.471,,да,
viola_008,ВТ,Виола Тараканова,Филе из Золотого Петушка,2004,ВТ_Филе из Золотого Петушка.txt,txt ВиолаТараканова/08 Филе из Золотого Петушка.txt,viola/ВТ_Филе из Золотого Петушка.txt,39287,36987,4112,247535,77946,0.475,,да,
dasha_013,ДВ,Даша Васильева,Хобби гадкого утенка,2001,ДВ_Хобби гадкого утенка.txt,txt ДашаВасильева/12 Хобби гадкого утенка.txt,dasha/ДВ_Хобби гадкого утенка.txt,39282,36987,3886,251205,70716,0.523,,да,
dasha_049,ДВ,Даша Васильева,Аполлон на миллион,2015,ДВ_Аполлон на миллион.txt,txt ДашаВасильева/48 Аполлон на миллион.txt,dasha/ДВ_Аполлон на миллион.txt,39449,36988,4608,249433,63399,0.583,,да,
podushkin_010,ИП,Иван Подушкин,Сафари на черепашку,2005,ИП_Сафари на черепашку.txt,txt ИванПодушкин/10 Сафари на черепашку.txt,podushkin/ИП_Сафари на черепашку.txt,39515,36988,3935,249346,74879,0.494,,да,
viola_005,ВТ,Виола Тараканова,Чудеса в кастрюльке,2002,ВТ_Чудеса в кастрюльке.txt,txt ВиолаТараканова/05 Чудеса в кастрюльке.txt,viola/ВТ_Чудеса в кастрюльке.txt,39282,36988,4190,250401,70377,0.526,,да,
dasha_006,ДВ,Даша Васильева,Эта горькая сладкая месть,2000,ДВ_Эта горькая сладкая месть.txt,txt ДашаВасильева/05 Эта горькая сладкая месть.txt,dasha/ДВ_Эта горькая сладкая месть.txt,38676,36988,4158,256163,78542,0.471,,да,
podushkin_011,ИП,Иван Подушкин,Яблоко Монте-Кристо,2006,ИП_Яблоко Монте-Кристо.txt,txt ИванПодушкин/11 Яблоко Монте-Кристо.txt,podushkin/ИП_Яблоко Монте-Кристо.txt,39554,36988,4255,250277,66367,0.557,,да,
sergeeva_020,ТС,Татьяна Сергеева,Бермудский треугольник черной вдовы,2015,ТС_Бермудский треугольник черной вдовы.txt,txt ТатьянаСергеева/19 Бермудский треугольник черной вдовы.txt,sergeeva/ТС_Бермудский треугольник черной вдовы.txt,38827,36989,3925,247008,70314,0.526,,да,
dasha_072,ДВ,Даша Васильева,Блоха на балу,2024,ДВ_Блоха на балу.txt,txt ДашаВасильева/71 Блоха на балу.txt,dasha/ДВ_Блоха на балу.txt,39429,36989,4755,247792,43842,0.844,,да,
sergeeva_039,ТС,Татьяна Сергеева,Бумеранг с автопилотом,2025,ТС_Бумеранг с автопилотом.txt,txt ТатьянаСергеева/38. Бумеранг с автопилотом.txt,sergeeva/ТС_Бумеранг с автопилотом.txt,39087,36989,4484,247162,45928,0.805,,да,
kozlova_014,СК,Степанида Козлова,Вредная волшебная палочка,2019,СК_Вредная волшебная палочка.txt,txt СтепанидаКозлова/14 Вредная волшебная палочка.txt,kozlova/СК_Вредная волшебная палочка.txt,39218,36989,4490,245615,50753,0.729,,да,
viola_054,ВТ,Виола Тараканова,Дезертир из рая,2024,ВТ_Дезертир из рая.txt,txt ВиолаТараканова/54 Дезертир из рая.txt,viola/ВТ_Дезертир из рая.txt,39483,36989,5008,246401,39438,0.938,,да,
dasha_028,ДВ,Даша Васильева,Досье на Крошку Че,2006,ДВ_Досье на Крошку Че.txt,txt ДашаВасильева/27 Досье на Крошку Че.txt,dasha/ДВ_Досье на Крошку Че.txt,39541,36989,4221,249924,77344,0.478,,да,
evlampia_030,ЕР,Евлампия Романова,Королева без башни,2010,ЕР_Королева без башни.txt,txt ЕвлампияРоманова/30 Королева без башни.txt,evlampia/ЕР_Королева без башни.txt,39530,36989,4831,251603,73191,0.505,,да,
viola_024,ВТ,Виола Тараканова,Летучий самозванец,2009,ВТ_Летучий самозванец.txt,txt ВиолаТараканова/24 Летучий самозванец.txt,viola/ВТ_Летучий самозванец.txt,40123,36989,4526,255713,69037,0.536,,да,
sergeeva_023,ТС,Татьяна Сергеева,Львиная доля серой мышки,2017,ТС_Львиная доля серой мышки.txt,txt ТатьянаСергеева/22 Львиная доля серой мышки.txt,sergeeva/ТС_Львиная доля серой мышки.txt,39395,36989,4269,248646,69610,0.531,,да,
sergeeva_019,ТС,Татьяна Сергеева,Любовное зелье колдуна-болтуна,2015,ТС_Любовное зелье колдуна-болтуна.txt,txt ТатьянаСергеева/18 Любовное зелье колдуна-болтуна.txt,sergeeva/ТС_Любовное зелье колдуна-болтуна.txt,39029,36989,4034,252285,70073,0.528,,да,
evlampia_038,ЕР,Евлампия Романова,Маскарад любовных утех,2015,ЕР_Маскарад любовных утех.txt,txt ЕвлампияРоманова/38 Маскарад любовных утех.txt,evlampia/ЕР_Маскарад любовных утех.txt,39120,36989,4380,250261,65864,0.562,,да,
dasha_042,ДВ,Даша Васильева,Мыльная сказка Шахерезады,2011,ДВ_Мыльная сказка Шахерезады.txt,txt ДашаВасильева/41 Мыльная сказка Шахерезады.txt,dasha/ДВ_Мыльная сказка Шахерезады.txt,39407,36989,4325,252457,68510,0.54,,да,
evlampia_006,ЕР,Евлампия Романова,Созвездие жадных псов,2001,ЕР_Созвездие жадных псов.txt,txt ЕвлампияРоманова/06 Созвездие жадных псов.txt,evlampia/ЕР_Созвездие жадных псов.txt,39581,36989,4124,249618,79413,0.466,,да,
sergeeva_001,ТС,Татьяна Сергеева,Старуха Кристи – отдыхает!,2005,ТС_Старуха Кристи – отдыхает!.txt,txt ТатьянаСергеева/01 Старуха Кристи – отдыхает!.txt,sergeeva/ТС_Старуха Кристи – отдыхает!.txt,39636,36989,3847,250234,83574,0.443,,да,
evlampia_032,ЕР,Евлампия Романова,Черный список деда Мазая,2011,ЕР_Черный список деда Мазая.txt,txt ЕвлампияРоманова/32 Черный список деда Мазая.txt,evlampia/ЕР_Черный список деда Мазая.txt,39066,36989,4226,250580,70828,0.522,,да,
evlampia_020,ЕР,Евлампия Романова,Бутик ежовых рукавиц,2006,ЕР_Бутик ежовых рукавиц.txt,txt ЕвлампияРоманова/20 Бутик ежовых рукавиц.txt,evlampia/ЕР_Бутик ежовых рукавиц.txt,40144,36990,4929,254441,74146,0.499,,да,
viola_038,ВТ,Виола Тараканова,Вставная челюсть Щелкунчика,2016,ВТ_Вставная челюсть Щелкунчика.txt,txt ВиолаТараканова/38 Вставная челюсть Щелкунчика.txt,viola/ВТ_Вставная челюсть Щелкунчика.txt,39238,36990,4325,250445,67564,0.547,,да,
sergeeva_007,ТС,Татьяна Сергеева,Дед Снегур и Морозочка,2009,ТС_Дед Снегур и Морозочка.txt,txt ТатьянаСергеева/06 Дед Снегур и Морозочка.txt,sergeeva/ТС_Дед Снегур и Морозочка.txt,39848,36990,4107,252974,74851,0.494,,да,
viola_017,ВТ,Виола Тараканова,Каникулы в Простофилино,2007,ВТ_Каникулы в Простофилино.txt,txt ВиолаТараканова/17 Каникулы в Простофилино.txt,viola/ВТ_Каникулы в Простофилино.txt,40003,36990,4845,253929,70859,0.522,,да,
viola_046,ВТ,Виола Тараканова,Милашка на вираже,2020,ВТ_Милашка на вираже.txt,txt ВиолаТараканова/46 Милашка на вираже.txt,viola/ВТ_Милашка на вираже.txt,39286,36990,4915,246638,47730,0.775,,да,
sergeeva_036,ТС,Татьяна Сергеева,Пирог от сапожника,2023,ТС_Пирог от сапожника.txt,txt ТатьянаСергеева/35 Пирог от сапожника..txt,sergeeva/ТС_Пирог от сапожника.txt,39367,36990,4689,250665,40061,0.923,,да,
evlampia_043,ЕР,Евлампия Романова,Пряник с черной икрой,2017,ЕР_Пряник с черной икрой.txt,txt ЕвлампияРоманова/43 Пряник с черной икрой.txt,evlampia/ЕР_Пряник с черной икрой.txt,39457,36990,4712,246599,62968,0.587,,да,
podushkin_022,ИП,Иван Подушкин,Астральное тело холостяка,2017,ИП_Астральное тело холостяка.txt,txt ИванПодушкин/22 Астральное тело холостяка.txt,podushkin/ИП_Астральное тело холостяка.txt,39132,36991,4428,242714,66346,0.558,,да,
podushkin_002,ИП,Иван Подушкин,Бриллиант мутной воды,2002,ИП_Бриллиант мутной воды.txt,txt ИванПодушкин/02 Бриллиант мутной воды.txt,podushkin/ИП_Бриллиант мутной воды.txt,39060,36991,3940,249821,72062,0.513,,да,
sergeeva_003,ТС,Татьяна Сергеева,Диета для трех поросят,2008,ТС_Диета для трех поросят.txt,txt ТатьянаСергеева/02 Диета для трех поросят.txt,sergeeva/ТС_Диета для трех поросят.txt,39951,36991,4997,251129,73809,0.501,,да,
evlampia_049,ЕР,Евлампия Романова,Жираф – гроза пингвинов,2020,ЕР_Жираф – гроза пингвинов.txt,txt ЕвлампияРоманова/49 Жираф – гроза пингвинов.txt,evlampia/ЕР_Жираф – гроза пингвинов.txt,39351,36991,4810,248827,48459,0.763,,да,
viola_041,ВТ,Виола Тараканова,Закон молодильного яблочка,2017,ВТ_Закон молодильного яблочка.txt,txt ВиолаТараканова/41 Закон молодильного яблочка.txt,viola/ВТ_Закон молодильного яблочка.txt,39316,36991,4613,246593,66661,0.555,,да,
podushkin_038,ИП,Иван Подушкин,Кладбище чужих секретов,2025,ИП_Кладбище чужих секретов.txt,txt ИванПодушкин/38 Кладбище чужих секретов.txt,podushkin/ИП_Кладбище чужих секретов.txt,38903,36991,4645,244952,46417,0.797,,да,
evlampia_052,ЕР,Евлампия Романова,Мамаша Бармалей,2022,ЕР_Мамаша Бармалей.txt,txt ЕвлампияРоманова/52 Мамаша Бармалей.txt,evlampia/ЕР_Мамаша Бармалей.txt,39145,36991,4276,248536,48959,0.756,,да,
podushkin_012,ИП,Иван Подушкин,Пикник на острове сокровищ,2006,ИП_Пикник на острове сокровищ.txt,txt ИванПодушкин/12 Пикник на острове сокровищ.txt,podushkin/ИП_Пикник на острове сокровищ.txt,39796,36991,4322,248487,72830,0.508,,да,
dasha_015,ДВ,Даша Васильева,Привидение в кроссовках,2002,ДВ_Привидение в кроссовках.txt,txt ДашаВасильева/14 Привидение в кроссовках.txt,dasha/ДВ_Привидение в кроссовках.txt,38666,36991,4072,246056,72828,0.508,,да,
podushkin_016,ИП,Иван Подушкин,Продюсер козьей морды,2008,ИП_Продюсер козьей морды.txt,txt ИванПодушкин/16 Продюсер козьей морды.txt,podushkin/ИП_Продюсер козьей морды.txt,39861,36991,4664,249012,75038,0.493,,да,
evlampia_003,ЕР,Евлампия Романова,Сволочь ненаглядная,2000,ЕР_Сволочь ненаглядная.txt,txt ЕвлампияРоманова/03 Сволочь ненаглядная.txt,evlampia/ЕР_Сволочь ненаглядная.txt,39899,36991,4077,253957,76155,0.486,,да,
podushkin_017,ИП,Иван Подушкин,Смех и грех Ивана-царевича,2013,ИП_Смех и грех Ивана-царевича.txt,txt ИванПодушкин/17 Смех и грех Ивана-царевича.txt,podushkin/ИП_Смех и грех Ивана-царевича.txt,38814,36991,3740,249312,66732,0.554,,да,
podushkin_019,ИП,Иван Подушкин,Судьба найдет на сеновале,2014,ИП_Судьба найдет на сеновале.txt,txt ИванПодушкин/19 Судьба найдет на сеновале.txt,podushkin/ИП_Судьба найдет на сеновале.txt,38694,36991,3881,248132,67097,0.551,,да,
evlampia_025,ЕР,Евлампия Романова,Шопинг в воздушном замке,2008,ЕР_Шопинг в воздушном замке.txt,txt ЕвлампияРоманова/25 Шопинг в воздушном замке.txt,evlampia/ЕР_Шопинг в воздушном замке.txt,40360,36991,4926,250625,74282,0.498,,да,
sergeeva_009,ТС,Татьяна Сергеева,Агент 013,2010,ТС_Агент 013.txt,txt ТатьянаСергеева/08 Агент 013.txt,sergeeva/ТС_Агент 013.txt,39863,36992,4332,252258,77664,0.476,,да,
dasha_069,ДВ,Даша Васильева,Ананас на ёлке,2023,ДВ_Ананас на ёлке.txt,txt ДашаВасильева/68 Ананас на ёлке.txt,dasha/ДВ_Ананас на ёлке.txt,39578,36992,4678,251443,46225,0.8,,да,
podushkin_025,ИП,Иван Подушкин,Гнездо перелетного сфинкса,2018,ИП_Гнездо перелетного сфинкса.txt,txt ИванПодушкин/25 Гнездо перелетного сфинкса.txt,podushkin/ИП_Гнездо перелетного сфинкса.txt,39507,36992,4597,248977,48954,0.756,,да,
dasha_004,ДВ,Даша Васильева,Дама с коготками,1999,ДВ_Дама с коготками.txt,txt ДашаВасильева/03 Дама с коготками.txt,dasha/ДВ_Дама с коготками.txt,38851,36992,4064,253622,89146,0.415,,да,
sergeeva_030,ТС,Татьяна Сергеева,Лазурный берег болота,2020,ТС_Лазурный берег болота.txt,txt ТатьянаСергеева/29 Лазурный берег болота.txt,sergeeva/ТС_Лазурный берег болота.txt,39426,36992,4762,247598,51056,0.725,,да,
viola_012,ВТ,Виола Тараканова,Любимые забавы папы Карло,2004,ВТ_Любимые забавы папы Карло.txt,txt ВиолаТараканова/12 Любимые забавы папы Карло.txt,viola/ВТ_Любимые забавы папы Карло.txt,39675,36992,4349,247950,76668,0.482,,да,
sergeeva_024,ТС,Татьяна Сергеева,Оберег от испанской страсти,2017,ТС_Оберег от испанской страсти.txt,txt ТатьянаСергеева/23 Оберег от испанской страсти.txt,sergeeva/ТС_Оберег от испанской страсти.txt,39049,36992,4493,248627,58729,0.63,,да,
kozlova_013,СК,Степанида Козлова,Презентация ящика Пандоры,2018,СК_Презентация ящика Пандоры.txt,txt СтепанидаКозлова/13 Презентация ящика Пандоры.txt,kozlova/СК_Презентация ящика Пандоры.txt,39946,36992,4981,249421,57244,0.646,,да,
dasha_055,ДВ,Даша Васильева,Родословная до седьмого полена,2017,ДВ_Родословная до седьмого полена.txt,txt ДашаВасильева/54 Родословная до седьмого полена.txt,dasha/ДВ_Родословная до седьмого полена.txt,39408,36992,4553,246887,64215,0.576,,да,
sergeeva_017,ТС,Татьяна Сергеева,Сбылась мечта бегемота,2014,ТС_Сбылась мечта бегемота.txt,txt ТатьянаСергеева/16 Сбылась мечта бегемота.txt,sergeeva/ТС_Сбылась мечта бегемота.txt,39015,36992,4209,250029,61760,0.599,,да,
kozlova_007,СК,Степанида Козлова,Укротитель Медузы горгоны,2013,СК_Укротитель Медузы горгоны.txt,txt СтепанидаКозлова/07 Укротитель Медузы горгоны.txt,kozlova/СК_Укротитель Медузы горгоны.txt,39131,36992,4416,249053,67287,0.55,,да,
evlampia_010,ЕР,Евлампия Романова,Фиговый листочек от кутюр,2002,ЕР_Фиговый листочек от кутюр.txt,txt ЕвлампияРоманова/10 Фиговый листочек от кутюр.txt,evlampia/ЕР_Фиговый листочек от кутюр.txt,39082,36992,3976,248404,70371,0.526,,да,
viola_003,ВТ,Виола Тараканова,Чудовище без красавицы,2001,ВТ_Чудовище без красавицы.txt,txt ВиолаТараканова/03 Чудовище без красавицы.txt,viola/ВТ_Чудовище без красавицы.txt,39144,36992,3804,248716,73138,0.506,,да,
sergeeva_028,ТС,Татьяна Сергеева,Чёрная жемчужина раздора,2019,ТС_Чёрная жемчужина раздора.txt,txt ТатьянаСергеева/27 Чёрная жемчужина раздора.txt,sergeeva/ТС_Чёрная жемчужина раздора.txt,39399,36992,4378,247681,49839,0.742,,да,
dasha_044,ДВ,Даша Васильева,Шесть соток для Робинзона,2012,ДВ_Шесть соток для Робинзона.txt,txt ДашаВасильева/43 Шесть соток для Робинзона.txt,dasha/ДВ_Шесть соток для Робинзона.txt,39553,36992,4403,251062,68277,0.542,,да,
podushkin_015,ИП,Иван Подушкин,Ангел на метле,2007,ИП_Ангел на метле.txt,txt ИванПодушкин/15 Ангел на метле.txt,podushkin/ИП_Ангел на метле.txt,40167,36993,4521,253129,67351,0.549,,да,
podushkin_032,ИП,Иван Подушкин,Бабулька на горошине,2022,ИП_Бабулька на горошине.txt,txt ИванПодушкин/32 Бабулька на горошине.txt,podushkin/ИП_Бабулька на горошине.txt,39221,36993,4322,243308,54475,0.679,,да,
kozlova_011,СК,Степанида Козлова,Бизнес-план трех богатырей,2016,СК_Бизнес-план трех богатырей.txt,txt СтепанидаКозлова/11 Бизнес-план трех богатырей.txt,kozlova/СК_Бизнес-план трех богатырей.txt,39538,36993,4338,249077,62319,0.594,,да,
sergeeva_014,ТС,Татьяна Сергеева,Всем сестрам по мозгам,2012,ТС_Всем сестрам по мозгам.txt,txt ТатьянаСергеева/13 Всем сестрам по мозгам.txt,sergeeva/ТС_Всем сестрам по мозгам.txt,38761,36993,4030,247847,72678,0.509,,да,
dasha_012,ДВ,Даша Васильева,Вынос дела,2000,ДВ_Вынос дела.txt,txt ДашаВасильева/11 Вынос дела.txt,dasha/ДВ_Вынос дела.txt,39308,36993,4135,254597,77710,0.476,,да,
dasha_003,ДВ,Даша Васильева,За всеми зайцами,1999,ДВ_За всеми зайцами.txt,txt ДашаВасильева/02 За всеми зайцами.txt,dasha/ДВ_За всеми зайцами.txt,38732,36993,4012,244313,49515,0.747,,да,
viola_028,ВТ,Виола Тараканова,Замок храпящей красавицы,2011,ВТ_Замок храпящей красавицы.txt,txt ВиолаТараканова/28 Замок храпящей красавицы.txt,viola/ВТ_Замок храпящей красавицы.txt,39181,36993,4125,252026,66242,0.558,,да,
viola_027,ВТ,Виола Тараканова,Страстная ночь в зоопарке,2010,ВТ_Страстная ночь в зоопарке.txt,txt ВиолаТараканова/27 Страстная ночь в зоопарке.txt,viola/ВТ_Страстная ночь в зоопарке.txt,39573,36993,4223,253587,69141,0.535,,да,
podushkin_018,ИП,Иван Подушкин,Тайная связь его величества,2014,ИП_Тайная связь его величества.txt,txt ИванПодушкин/18 Тайная связь его величества.txt,podushkin/ИП_Тайная связь его величества.txt,38819,36993,4153,248089,72173,0.513,,да,
dasha_036,ДВ,Даша Васильева,Темное прошлое Конька-Горбунка (сборник),2010,ДВ_Темное прошлое Конька-Горбунка (сборник).txt,txt ДашаВасильева/35 Темное прошлое Конька-Горбунка (сборник).txt,dasha/ДВ_Темное прошлое Конька-Горбунка (сборник).txt,39888,36993,4288,254336,64371,0.575,,да,
viola_004,ВТ,Виола Тараканова,Урожай ядовитых ягодок,2002,ВТ_Урожай ядовитых ягодок.txt,txt ВиолаТараканова/04 Урожай ядовитых ягодок.txt,viola/ВТ_Урожай ядовитых ягодок.txt,39170,36993,4245,246294,72376,0.511,,да,
dasha_065,ДВ,Даша Васильева,Аллергия на кота Базилио,2021,ДВ_Аллергия на кота Базилио.txt,txt ДашаВасильева/64 Аллергия на кота Базилио.txt,dasha/ДВ_Аллергия на кота Базилио.txt,39141,36994,4444,244266,49448,0.748,,да,
viola_039,ВТ,Виола Тараканова,В когтях у сказки,2016,ВТ_В когтях у сказки.txt,txt ВиолаТараканова/39 В когтях у сказки.txt,viola/ВТ_В когтях у сказки.txt,39588,36994,4329,250889,67763,0.546,,да,
podushkin_014,ИП,Иван Подушкин,Верхом на «Титанике»,2007,ИП_Верхом на «Титанике».txt,txt ИванПодушкин/14 Верхом на «Титанике».txt,podushkin/ИП_Верхом на «Титанике».txt,40410,36994,4656,250712,72379,0.511,,да,
dasha_014,ДВ,Даша Васильева,Домик тетушки лжи,2001,ДВ_Домик тетушки лжи.txt,txt ДашаВасильева/13 Домик тетушки лжи.txt,dasha/ДВ_Домик тетушки лжи.txt,39330,36994,3980,248265,74488,0.497,,да,
podushkin_030,ИП,Иван Подушкин,Иван Грозный на Мальдивах,2021,ИП_Иван Грозный на Мальдивах.txt,txt ИванПодушкин/30 Иван Грозный на Мальдивах.txt,podushkin/ИП_Иван Грозный на Мальдивах.txt,39391,36994,4834,245410,38669,0.957,,да,
viola_040,ВТ,Виола Тараканова,Инкогнито с Бродвея,2017,ВТ_Инкогнито с Бродвея.txt,txt ВиолаТараканова/40 Инкогнито с Бродвея.txt,viola/ВТ_Инкогнито с Бродвея.txt,39653,36994,4574,247410,67057,0.552,,да,
viola_014,ВТ,Виола Тараканова,Кекс в большом городе,2005,ВТ_Кекс в большом городе.txt,txt ВиолаТараканова/14 Кекс в большом городе.txt,viola/ВТ_Кекс в большом городе.txt,39479,36994,3903,250747,83506,0.443,,да,
viola_010,ВТ,Виола Тараканова,Концерт для колобка с оркестром,2004,ВТ_Концерт для колобка с оркестром.txt,txt ВиолаТараканова/10 Концерт для колобка с оркестром.txt,viola/ВТ_Концерт для колобка с оркестром.txt,39561,36994,4291,245696,81382,0.455,,да,
evlampia_054,ЕР,Евлампия Романова,Коронная роль Козы-дерезы,2022,ЕР_Коронная роль Козы-дерезы.txt,txt ЕвлампияРоманова/54 Коронная роль Козы-дерезы.txt,evlampia/ЕР_Коронная роль Козы-дерезы.txt,39626,36994,4428,250192,45086,0.821,,да,
podushkin_008,ИП,Иван Подушкин,Рыбка по имени Зайка,2004,ИП_Рыбка по имени Зайка.txt,txt ИванПодушкин/08 Рыбка по имени Зайка.txt,podushkin/ИП_Рыбка по имени Зайка.txt,39631,36994,4649,251445,79643,0.464,,да,
dasha_041,ДВ,Даша Васильева,Тормоза для блудного мужа,2011,ДВ_Тормоза для блудного мужа.txt,txt ДашаВасильева/40 Тормоза для блудного мужа.txt,dasha/ДВ_Тормоза для блудного мужа.txt,39599,36994,4324,251118,71126,0.52,,да,
viola_037,ВТ,Виола Тараканова,Три желания женщины-мечты,2015,ВТ_Три желания женщины-мечты.txt,txt ВиолаТараканова/37 Три желания женщины-мечты.txt,viola/ВТ_Три желания женщины-мечты.txt,39285,36994,4125,251509,71064,0.521,,да,
evlampia_036,ЕР,Евлампия Романова,Белочка во сне и наяву,2013,ЕР_Белочка во сне и наяву.txt,txt ЕвлампияРоманова/36 Белочка во сне и наяву.txt,evlampia/ЕР_Белочка во сне и наяву.txt,39046,36995,4146,249966,66310,0.558,,да,
kozlova_012,СК,Степанида Козлова,Голое платье звезды,2017,СК_Голое платье звезды.txt,txt СтепанидаКозлова/12 Голое платье звезды.txt,kozlova/СК_Голое платье звезды.txt,39290,36995,4427,247049,67199,0.551,,да,
podushkin_037,ИП,Иван Подушкин,Гризли в белых носочках,2024,ИП_Гризли в белых носочках.txt,txt ИванПодушкин/37 Гризли в белых носочках.txt,podushkin/ИП_Гризли в белых носочках.txt,38834,36995,4402,246137,45348,0.816,,да,
evlampia_034,ЕР,Евлампия Романова,Добрый доктор Айбандит,2012,ЕР_Добрый доктор Айбандит.txt,txt ЕвлампияРоманова/34 Добрый доктор Айбандит.txt,evlampia/ЕР_Добрый доктор Айбандит.txt,39454,36995,4356,251144,65919,0.561,,да,
dasha_076,ДВ,Даша Васильева,За всеми зайцами,1999,ДВ_За всеми зайцами (2).txt,txt ДашаВасильева/Донцова 02 За всеми зайцами.txt,dasha/ДВ_За всеми зайцами (2).txt,38746,36995,3988,244306,49333,0.75,,да,
dasha_059,ДВ,Даша Васильева,Змеиный гаджет,2019,ДВ_Змеиный гаджет.txt,txt ДашаВасильева/58 Змеиный гаджет.txt,dasha/ДВ_Змеиный гаджет.txt,39450,36995,4996,244431,52610,0.703,,да,
evlampia_041,ЕР,Евлампия Романова,Имидж напрокат,2016,ЕР_Имидж напрокат.txt,txt ЕвлампияРоманова/41 Имидж напрокат.txt,evlampia/ЕР_Имидж напрокат.txt,39705,36995,4648,249767,61979,0.597,,да,
dasha_031,ДВ,Даша Васильева,Личное дело женщины-кошки,2007,ДВ_Личное дело женщины-кошки.txt,txt ДашаВасильева/30 Личное дело женщины-кошки.txt,dasha/ДВ_Личное дело женщины-кошки.txt,40241,36995,4947,250531,71223,0.519,,да,
evlampia_055,ЕР,Евлампия Романова,Малютка Интрига,2023,ЕР_Малютка Интрига.txt,txt ЕвлампияРоманова/55 Малютка Интрига.txt,evlampia/ЕР_Малютка Интрига.txt,39769,36995,4803,251342,43020,0.86,,да,
sergeeva_027,ТС,Татьяна Сергеева,Мохнатая лапа Герасима,2019,ТС_Мохнатая лапа Герасима.txt,txt ТатьянаСергеева/26 Мохнатая лапа Герасима.txt,sergeeva/ТС_Мохнатая лапа Герасима.txt,39064,36995,4664,246784,55609,0.665,,да,
dasha_054,ДВ,Даша Васильева,Ночной клуб на Лысой горе,2017,ДВ_Ночной клуб на Лысой горе.txt,txt ДашаВасильева/53 Ночной клуб на Лысой горе.txt,dasha/ДВ_Ночной клуб на Лысой горе.txt,39628,36995,4753,248078,67984,0.544,,да,
viola_032,ВТ,Виола Тараканова,Ночной кошмар Железного Любовника,2013,ВТ_Ночной кошмар Железного Любовника.txt,txt ВиолаТараканова/32 Ночной кошмар Железного Любовника.txt,viola/ВТ_Ночной кошмар Железного Любовника.txt,39271,36995,4437,248613,71547,0.517,,да,
evlampia_035,ЕР,Евлампия Романова,Огнетушитель Прометея,2013,ЕР_Огнетушитель Прометея.txt,txt ЕвлампияРоманова/35 Огнетушитель Прометея.txt,evlampia/ЕР_Огнетушитель Прометея.txt,39068,36995,4243,248109,68777,0.538,,да,
dasha_061,ДВ,Даша Васильева,Пиявка голубых кровей,2020,ДВ_Пиявка голубых кровей.txt,txt ДашаВасильева/60 Пиявка голубых кровей.txt,dasha/ДВ_Пиявка голубых кровей.txt,39676,36995,5016,245132,51210,0.722,,да,
dasha_052,ДВ,Даша Васильева,Свидание под мантией,2016,ДВ_Свидание под мантией.txt,txt ДашаВасильева/51 Свидание под мантией.txt,dasha/ДВ_Свидание под мантией.txt,40664,36995,5132,247779,70958,0.521,,да,
sergeeva_022,ТС,Татьяна Сергеева,Страсти-мордасти рогоносца,2016,ТС_Страсти-мордасти рогоносца.txt,txt ТатьянаСергеева/21 Страсти-мордасти рогоносца.txt,sergeeva/ТС_Страсти-мордасти рогоносца.txt,39214,36995,4273,247614,63317,0.584,,да,
dasha_016,ДВ,Даша Васильева,Улыбка 45-го калибра,2002,ДВ_Улыбка 45-го калибра.txt,txt ДашаВасильева/15 Улыбка 45-го калибра.txt,dasha/ДВ_Улыбка 45-го калибра.txt,39314,36995,4430,248690,71023,0.521,,да,
sergeeva_015,ТС,Татьяна Сергеева,Фуа-гра из топора,2013,ТС_Фуа-гра из топора.txt,txt ТатьянаСергеева/14 Фуа-гра из топора.txt,sergeeva/ТС_Фуа-гра из топора.txt,38684,36995,4122,250211,69144,0.535,,да,
evlampia_059,ЕР,Евлампия Романова,Чудо-юдо на охоте,2024,ЕР_Чудо-юдо на охоте.txt,txt ЕвлампияРоманова/59 Чудо-юдо на охоте.txt,evlampia/ЕР_Чудо-юдо на охоте.txt,39083,36995,4731,249356,38309,0.966,,да,
dasha_024,ДВ,Даша Васильева,Экстрим на сером волке,2004,ДВ_Экстрим на сером волке.txt,txt ДашаВасильева/23 Экстрим на сером волке.txt,dasha/ДВ_Экстрим на сером волке.txt,39393,36995,4418,247461,77471,0.478,,да,
viola_050,ВТ,Виола Тараканова,Алые паруса Синей бороды,2022,ВТ_Алые паруса Синей бороды.txt,txt ВиолаТараканова/50 Алые паруса Синей бороды.txt,viola/ВТ_Алые паруса Синей бороды.txt,39207,36996,4343,246254,49181,0.752,,да,
evlampia_031,ЕР,Евлампия Романова,В постели с Кинг-Конгом,2011,ЕР_В постели с Кинг-Конгом.txt,txt ЕвлампияРоманова/31 В постели с Кинг-Конгом.txt,evlampia/ЕР_В постели с Кинг-Конгом.txt,39107,36996,4097,252903,71249,0.519,,да,
podushkin_034,ИП,Иван Подушкин,Венок из железных одуванчиков,2023,ИП_Венок из железных одуванчиков.txt,txt ИванПодушкин/34 Венок из железных одуванчиков.txt,podushkin/ИП_Венок из железных одуванчиков.txt,39240,36996,4592,246386,44467,0.832,,да,
viola_043,ВТ,Виола Тараканова,Вечный двигатель маразма,2018,ВТ_Вечный двигатель маразма.txt,txt ВиолаТараканова/43 Вечный двигатель маразма.txt,viola/ВТ_Вечный двигатель маразма.txt,39207,36996,4850,245849,56452,0.655,,да,
evlampia_053,ЕР,Евлампия Романова,Девочка Красная Тапочка,2022,ЕР_Девочка Красная Тапочка.txt,txt ЕвлампияРоманова/53 Девочка Красная Тапочка.txt,evlampia/ЕР_Девочка Красная Тапочка.txt,39469,36996,4700,248450,45190,0.819,,да,
kozlova_017,СК,Степанида Козлова,Дед Яга и его дети,2022,СК_Дед Яга и его дети.txt,txt СтепанидаКозлова/17 Дед Яга и его дети.txt,kozlova/СК_Дед Яга и его дети.txt,39505,36996,4539,250406,49738,0.744,,да,
podushkin_036,ИП,Иван Подушкин,Иванушка на курьих ножках,2024,ИП_Иванушка на курьих ножках.txt,txt ИванПодушкин/36 Иванушка на курьих ножках.txt,podushkin/ИП_Иванушка на курьих ножках.txt,38506,36996,4606,246179,46710,0.792,,да,
dasha_001,ДВ,Даша Васильева,Игра в жмурики,1999,ДВ_Игра в жмурики.txt,txt ДашаВасильева/01 Игра в жмурики.txt,dasha/ДВ_Игра в жмурики.txt,38709,36996,4324,235671,42206,0.877,,да,
dasha_074,ДВ,Даша Васильева,Игра в жмурики,1999,ДВ_Игра в жмурики (2).txt,txt ДашаВасильева/Донцова 01 Игра в жмурики.txt,dasha/ДВ_Игра в жмурики (2).txt,38709,36996,4324,235671,42206,0.877,,да,
dasha_077,ДВ,Даша Васильева,Кекс от сапожника (в кн. Новогодний детектив 2015),2015,ДВ_Кекс от сапожника (в кн. Новогодний детектив 2015).txt,txt ДашаВасильева/Кекс от сапожника (в кн. Новогодний детектив 2015).txt,dasha/ДВ_Кекс от сапожника (в кн. Новогодний детектив 2015).txt,39520,36996,4271,240859,53502,0.691,,да,
kozlova_004,СК,Степанида Козлова,Клеопатра с парашютом,2012,СК_Клеопатра с парашютом.txt,txt СтепанидаКозлова/04 Клеопатра с парашютом.txt,kozlova/СК_Клеопатра с парашютом.txt,38987,36996,4240,249257,69476,0.533,,да,
dasha_066,ДВ,Даша Васильева,Коза и семеро волчат,2021,ДВ_Коза и семеро волчат.txt,txt ДашаВасильева/65 Коза и семеро волчат.txt,dasha/ДВ_Коза и семеро волчат.txt,39808,36996,4497,249260,47053,0.786,,да,
podushkin_021,ИП,Иван Подушкин,Коронный номер мистера Х,2016,ИП_Коронный номер мистера Х.txt,txt ИванПодушкин/21 Коронный номер мистера Х.txt,podushkin/ИП_Коронный номер мистера Х.txt,39254,36996,4374,248604,61296,0.604,,да,
evlampia_037,ЕР,Евлампия Романова,Матрешка в перьях,2014,ЕР_Матрешка в перьях.txt,txt ЕвлампияРоманова/37 Матрешка в перьях.txt,evlampia/ЕР_Матрешка в перьях.txt,38949,36996,4310,249513,71588,0.517,,да,
dasha_046,ДВ,Даша Васильева,Медовое путешествие втроем,2013,ДВ_Медовое путешествие втроем.txt,txt ДашаВасильева/45 Медовое путешествие втроем.txt,dasha/ДВ_Медовое путешествие втроем.txt,38530,36996,3891,247035,70008,0.528,,да,
viola_021,ВТ,Виола Тараканова,Муму с аквалангом,2008,ВТ_Муму с аквалангом.txt,txt ВиолаТараканова/21 Муму с аквалангом.txt,viola/ВТ_Муму с аквалангом.txt,39818,36996,4999,248788,78087,0.474,,да,
dasha_045,ДВ,Даша Васильева,Пальцы китайским веером,2012,ДВ_Пальцы китайским веером.txt,txt ДашаВасильева/44 Пальцы китайским веером.txt,dasha/ДВ_Пальцы китайским веером.txt,38720,36996,4175,247424,65710,0.563,,да,
evlampia_014,ЕР,Евлампия Романова,Синий мопс счастья,2004,ЕР_Синий мопс счастья.txt,txt ЕвлампияРоманова/14 Синий мопс счастья.txt,evlampia/ЕР_Синий мопс счастья.txt,39554,36996,4288,246977,79223,0.467,,да,
viola_031,ВТ,Виола Тараканова,Фанатка голого короля,2012,ВТ_Фанатка голого короля.txt,txt ВиолаТараканова/31 Фанатка голого короля.txt,viola/ВТ_Фанатка голого короля.txt,39169,36996,4267,248577,66633,0.555,,да,
evlampia_023,ЕР,Евлампия Романова,Фанера Милосская,2007,ЕР_Фанера Милосская.txt,txt ЕвлампияРоманова/23 Фанера Милосская.txt,evlampia/ЕР_Фанера Милосская.txt,40212,36996,4914,250449,74929,0.494,,да,
viola_019,ВТ,Виола Тараканова,Хеппи-энд для Дездемоны,2007,ВТ_Хеппи-энд для Дездемоны.txt,txt ВиолаТараканова/19 Хеппи-энд для Дездемоны.txt,viola/ВТ_Хеппи-энд для Дездемоны.txt,40497,36996,5273,249947,73663,0.502,,да,
kozlova_015,СК,Степанида Козлова,Хип-хоп маленьких лебедей,2020,СК_Хип-хоп маленьких лебедей.txt,txt СтепанидаКозлова/15 Хип-хоп маленьких лебедей.txt,kozlova/СК_Хип-хоп маленьких лебедей.txt,40210,36996,5102,248248,46378,0.798,,да,
evlampia_051,ЕР,Евлампия Романова,Хорошие манеры Соловья-разбойника,2021,ЕР_Хорошие манеры Соловья-разбойника.txt,txt ЕвлампияРоманова/51 Хорошие манеры Соловья-разбойника.txt,evlampia/ЕР_Хорошие манеры Соловья-разбойника.txt,39508,36996,4826,247172,46936,0.788,,да,
dasha_060,ДВ,Даша Васильева,Царевич с плохим резюме,2019,ДВ_Царевич с плохим резюме.txt,txt ДашаВасильева/59 Царевич с плохим резюме.txt,dasha/ДВ_Царевич с плохим резюме.txt,39754,36996,4654,248058,49463,0.748,,да,
viola_023,ВТ,Виола Тараканова,Человек-невидимка в стразах,2009,ВТ_Человек-невидимка в стразах.txt,txt ВиолаТараканова/23 Человек-невидимка в стразах.txt,viola/ВТ_Человек-невидимка в стразах.txt,39978,36996,4325,252029,75314,0.491,,да,
podushkin_005,ИП,Иван Подушкин,Али-Баба и сорок разбойниц,2003,ИП_Али-Баба и сорок разбойниц.txt,txt ИванПодушкин/05 Али-Баба и сорок разбойниц.txt,podushkin/ИП_Али-Баба и сорок разбойниц.txt,39128,36997,4075,246136,75231,0.492,,да,
kozlova_018,СК,Степанида Козлова,Аукцион волшебного хлама,2023,СК_Аукцион волшебного хлама.txt,txt СтепанидаКозлова/18 Аукцион волшебного хлама.txt,kozlova/СК_Аукцион волшебного хлама.txt,39766,36997,4935,248270,45508,0.813,,да,
sergeeva_033,ТС,Татьяна Сергеева,Бегемот под майонезом,2022,ТС_Бегемот под майонезом.txt,txt ТатьянаСергеева/32 Бегемот под майонезом.txt,sergeeva/ТС_Бегемот под майонезом.txt,39504,36997,4660,244923,39778,0.93,,да,
evlampia_018,ЕР,Евлампия Романова,Безумная кепка Мономаха,2006,ЕР_Безумная кепка Мономаха.txt,txt ЕвлампияРоманова/18 Безумная кепка Мономаха.txt,evlampia/ЕР_Безумная кепка Мономаха.txt,39176,36997,4065,248535,70464,0.525,,да,
viola_045,ВТ,Виола Тараканова,Блеск и нищета инстаграма,2020,ВТ_Блеск и нищета инстаграма.txt,txt ВиолаТараканова/45 Блеск и нищета инстаграма.txt,viola/ВТ_Блеск и нищета инстаграма.txt,39598,36997,4809,247789,52190,0.709,,да,
podushkin_024,ИП,Иван Подушкин,Блог проказника домового,2018,ИП_Блог проказника домового.txt,txt ИванПодушкин/24 Блог проказника домового.txt,podushkin/ИП_Блог проказника домового.txt,38803,36997,4652,246328,62912,0.588,,да,
sergeeva_013,ТС,Татьяна Сергеева,Версаль под хохлому,2012,ТС_Версаль под хохлому.txt,txt ТатьянаСергеева/12 Версаль под хохлому.txt,sergeeva/ТС_Версаль под хохлому.txt,39216,36997,4119,252094,74198,0.499,,да,
viola_009,ВТ,Виола Тараканова,Главбух и полцарства в придачу,2004,ВТ_Главбух и полцарства в придачу.txt,txt ВиолаТараканова/09 Главбух и полцарства в придачу.txt,viola/ВТ_Главбух и полцарства в придачу.txt,39089,36997,4256,246389,77816,0.475,,да,
dasha_057,ДВ,Даша Васильева,Дневник пакостей Снежинки,2018,ДВ_Дневник пакостей Снежинки.txt,txt ДашаВасильева/56 Дневник пакостей Снежинки.txt,dasha/ДВ_Дневник пакостей Снежинки.txt,40011,36997,5297,247199,55418,0.668,,да,
viola_018,ВТ,Виола Тараканова,Зимнее лето весны,2007,ВТ_Зимнее лето весны.txt,txt ВиолаТараканова/18 Зимнее лето весны.txt,viola/ВТ_Зимнее лето весны.txt,40294,36997,5310,252658,68319,0.542,,да,
evlampia_033,ЕР,Евлампия Романова,Костюм Адама для Евы,2012,ЕР_Костюм Адама для Евы.txt,txt ЕвлампияРоманова/33 Костюм Адама для Евы.txt,evlampia/ЕР_Костюм Адама для Евы.txt,38852,36997,3948,249392,66019,0.56,,да,
dasha_035,ДВ,Даша Васильева,Легенда о трех мартышках,2009,ДВ_Легенда о трех мартышках.txt,txt ДашаВасильева/34 Легенда о трех мартышках.txt,dasha/ДВ_Легенда о трех мартышках.txt,39793,36997,4041,250809,68419,0.541,,да,
evlampia_001,ЕР,Евлампия Романова,Маникюр для покойника,2000,ЕР_Маникюр для покойника.txt,txt ЕвлампияРоманова/01 Маникюр для покойника.txt,evlampia/ЕР_Маникюр для покойника.txt,39118,36997,3869,250905,78252,0.473,,да,
evlampia_062,ЕР,Евлампия Романова,Маникюр для покойника,2000,ЕР_Маникюр для покойника (2).txt,txt ЕвлампияРоманова/Донцова 01 Маникюр для покойника.txt,evlampia/ЕР_Маникюр для покойника (2).txt,39118,36997,3869,250905,78252,0.473,,да,
viola_007,ВТ,Виола Тараканова,Микстура от косоглазия,2003,ВТ_Микстура от косоглазия.txt,txt ВиолаТараканова/07 Микстура от косоглазия.txt,viola/ВТ_Микстура от косоглазия.txt,39814,36997,4451,248599,78044,0.474,,да,
evlampia_029,ЕР,Евлампия Романова,Ночная жизнь моей свекрови,2010,ЕР_Ночная жизнь моей свекрови.txt,txt ЕвлампияРоманова/29 Ночная жизнь моей свекрови.txt,evlampia/ЕР_Ночная жизнь моей свекрови.txt,39848,36997,4370,252197,78093,0.474,,да,
viola_006,ВТ,Виола Тараканова,Скелет из пробирки,2002,ВТ_Скелет из пробирки.txt,txt ВиолаТараканова/06 Скелет из пробирки .txt,viola/ВТ_Скелет из пробирки.txt,39356,36997,4431,250085,74127,0.499,,да,
dasha_070,ДВ,Даша Васильева,Слон для Дюймовочки,2023,ДВ_Слон для Дюймовочки.txt,txt ДашаВасильева/69 Слон для Дюймовочки.txt,dasha/ДВ_Слон для Дюймовочки.txt,39484,36997,4619,250909,40394,0.916,,да,
dasha_050,ДВ,Даша Васильева,Сон дядюшки Фрейда,2015,ДВ_Сон дядюшки Фрейда.txt,txt ДашаВасильева/49 Сон дядюшки Фрейда.txt,dasha/ДВ_Сон дядюшки Фрейда.txt,39250,36997,4304,248788,63431,0.583,,да,
viola_035,ВТ,Виола Тараканова,Ужас на крыльях ночи,2014,ВТ_Ужас на крыльях ночи.txt,txt ВиолаТараканова/35 Ужас на крыльях ночи.txt,viola/ВТ_Ужас на крыльях ночи.txt,39181,36997,4424,249741,65891,0.561,,да,
evlampia_024,ЕР,Евлампия Романова,Фэн-шуй без тормозов,2008,ЕР_Фэн-шуй без тормозов.txt,txt ЕвлампияРоманова/24 Фэн-шуй без тормозов.txt,evlampia/ЕР_Фэн-шуй без тормозов.txt,40299,36997,5292,252721,77006,0.48,,да,
sergeeva_032,ТС,Татьяна Сергеева,Чугунные сапоги-скороходы,2021,ТС_Чугунные сапоги-скороходы.txt,txt ТатьянаСергеева/31 Чугунные сапоги-скороходы.txt,sergeeva/ТС_Чугунные сапоги-скороходы.txt,39390,36997,4591,249357,46774,0.791,,да,
podushkin_031,ИП,Иван Подушкин,Чучело от первого брака,2021,ИП_Чучело от первого брака.txt,txt ИванПодушкин/31 Чучело от первого брака.txt,podushkin/ИП_Чучело от первого брака.txt,38816,36997,4202,247167,40913,0.904,,да,
dasha_051,ДВ,Даша Васильева,Штамп на сердце женщины-вамп,2016,ДВ_Штамп на сердце женщины-вамп.txt,txt ДашаВасильева/50 Штамп на сердце женщины-вамп.txt,dasha/ДВ_Штамп на сердце женщины-вамп.txt,39583,36997,4389,249875,67199,0.551,,да,
sergeeva_038,ТС,Татьяна Сергеева,Амур с гранатой,2024,ТС_Амур с гранатой.txt,txt ТатьянаСергеева/37. Амур с гранатой.txt,sergeeva/ТС_Амур с гранатой.txt,39056,36998,4749,248431,44335,0.835,,да,
podushkin_027,ИП,Иван Подушкин,Архитектор пряничного домика,2019,ИП_Архитектор пряничного домика.txt,txt ИванПодушкин/27 Архитектор пряничного домика.txt,podushkin/ИП_Архитектор пряничного домика.txt,39404,36998,4628,246581,49617,0.746,,да,
sergeeva_018,ТС,Татьяна Сергеева,Бабки царя Соломона,2014,ТС_Бабки царя Соломона.txt,txt ТатьянаСергеева/17 Бабки царя Соломона.txt,sergeeva/ТС_Бабки царя Соломона.txt,38565,36998,4002,247896,63191,0.585,,да,
viola_044,ВТ,Виола Тараканова,Бинокль для всевидящего ока,2019,ВТ_Бинокль для всевидящего ока.txt,txt ВиолаТараканова/44 Бинокль для всевидящего ока.txt,viola/ВТ_Бинокль для всевидящего ока.txt,39582,36998,4847,245859,54340,0.681,,да,
evlampia_048,ЕР,Евлампия Романова,Большой куш нищей герцогини,2020,ЕР_Большой куш нищей герцогини.txt,txt ЕвлампияРоманова/48 Большой куш нищей герцогини.txt,evlampia/ЕР_Большой куш нищей герцогини.txt,39533,36998,4774,248418,47295,0.782,,да,
evlampia_050,ЕР,Евлампия Романова,Вещие сны Храпунцель,2021,ЕР_Вещие сны Храпунцель.txt,txt ЕвлампияРоманова/50 Вещие сны Храпунцель.txt,evlampia/ЕР_Вещие сны Храпунцель.txt,39726,36998,4984,246463,53842,0.687,,да,
evlampia_047,ЕР,Евлампия Романова,Гиблое место в ипотеку,2019,ЕР_Гиблое место в ипотеку.txt,txt ЕвлампияРоманова/47 Гиблое место в ипотеку.txt,evlampia/ЕР_Гиблое место в ипотеку.txt,39641,36998,4898,247393,50254,0.736,,да,
podushkin_029,ИП,Иван Подушкин,"Глазастая, ушастая беда",2020,"ИП_Глазастая, ушастая беда.txt","txt ИванПодушкин/29 Глазастая, ушастая беда.txt","podushkin/ИП_Глазастая, ушастая беда.txt",39843,36998,4731,246265,48467,0.763,,да,
evlampia_056,ЕР,Евлампия Романова,Государыня Криворучка,2023,ЕР_Государыня Криворучка.txt,txt ЕвлампияРоманова/56 Государыня Криворучка.txt,evlampia/ЕР_Государыня Криворучка.txt,39455,36998,4609,251952,42622,0.868,,да,
dasha_053,ДВ,Даша Васильева,Другая жизнь оборотня,2016,ДВ_Другая жизнь оборотня.txt,txt ДашаВасильева/52 Другая жизнь оборотня.txt,dasha/ДВ_Другая жизнь оборотня.txt,39509,36998,4512,248026,65105,0.568,,да,
dasha_007,ДВ,Даша Васильева,Жена моего мужа,2000,ДВ_Жена моего мужа.txt,txt ДашаВасильева/06 Жена моего мужа.txt,dasha/ДВ_Жена моего мужа.txt,38942,36998,4245,255402,75399,0.491,,да,
evlampia_027,ЕР,Евлампия Романова,Император деревни Гадюкино,2009,ЕР_Император деревни Гадюкино.txt,txt ЕвлампияРоманова/27 Император деревни Гадюкино.txt,evlampia/ЕР_Император деревни Гадюкино.txt,39438,36998,4051,252640,74713,0.495,,да,
sergeeva_004,ТС,Татьяна Сергеева,"Инь, янь и всякая дрянь",2008,"ТС_Инь, янь и всякая дрянь.txt","txt ТатьянаСергеева/03 Инь, янь и всякая дрянь.txt","sergeeva/ТС_Инь, янь и всякая дрянь.txt",39738,36998,4863,249934,74441,0.497,,да,
dasha_073,ДВ,Даша Васильева,Ипотека на Марсе,2025,ДВ_Ипотека на Марсе.txt,txt ДашаВасильева/72. Ипотека на Марсе.txt,dasha/ДВ_Ипотека на Марсе.txt,39466,36998,4729,249040,42956,0.861,,да,
evlampia_011,ЕР,Евлампия Романова,Камасутра для Микки-Мауса,2003,ЕР_Камасутра для Микки-Мауса.txt,txt ЕвлампияРоманова/11 Камасутра для Микки-Мауса.txt,evlampia/ЕР_Камасутра для Микки-Мауса.txt,39568,36998,4196,248698,80524,0.459,,да,
viola_048,ВТ,Виола Тараканова,Край непуганых Буратино,2021,ВТ_Край непуганых Буратино.txt,txt ВиолаТараканова/48. Край непуганых Буратино.txt,viola/ВТ_Край непуганых Буратино.txt,39390,36998,4781,245716,48678,0.76,,да,
podushkin_023,ИП,Иван Подушкин,Кто в чемодане живет,2017,ИП_Кто в чемодане живет.txt,txt ИванПодушкин/23 Кто в чемодане живет.txt,podushkin/ИП_Кто в чемодане живет.txt,39860,36998,4700,251364,62617,0.591,,да,
sergeeva_034,ТС,Татьяна Сергеева,Курятник в пентхаусе,2022,ТС_Курятник в пентхаусе.txt,txt ТатьянаСергеева/33 Курятник в пентхаусе.txt,sergeeva/ТС_Курятник в пентхаусе.txt,39609,36998,4552,246367,44746,0.827,,да,
evlampia_016,ЕР,Евлампия Романова,Лампа разыскивает Алладина,2005,ЕР_Лампа разыскивает Алладина.txt,txt ЕвлампияРоманова/16 Лампа разыскивает Алладина.txt,evlampia/ЕР_Лампа разыскивает Алладина.txt,39372,36998,4445,248141,81720,0.453,,да,
dasha_039,ДВ,Даша Васильева,Любовница египетской мумии,2010,ДВ_Любовница египетской мумии.txt,txt ДашаВасильева/38 Любовница египетской мумии.txt,dasha/ДВ_Любовница египетской мумии.txt,39581,36998,4182,252543,77261,0.479,,да,
dasha_063,ДВ,Даша Васильева,Мокрое дело водяного,2020,ДВ_Мокрое дело водяного.txt,txt ДашаВасильева/62 Мокрое дело водяного.txt,dasha/ДВ_Мокрое дело водяного.txt,39834,36998,4838,247512,50879,0.727,,да,
viola_013,ВТ,Виола Тараканова,Муха в самолете,2005,ВТ_Муха в самолете.txt,txt ВиолаТараканова/13 Муха в самолете.txt,viola/ВТ_Муха в самолете.txt,39447,36998,3838,246500,80187,0.461,,да,
dasha_068,ДВ,Даша Васильева,Плохая репутация Курочки Рябы,2022,ДВ_Плохая репутация Курочки Рябы.txt,txt ДашаВасильева/67 Плохая репутация Курочки Рябы.txt,dasha/ДВ_Плохая репутация Курочки Рябы.txt,39446,36998,4658,249434,45951,0.805,,да,
dasha_018,ДВ,Даша Васильева,Полет над гнездом индюшки,2002,ДВ_Полет над гнездом индюшки.txt,txt ДашаВасильева/17 Полет над гнездом индюшки.txt,dasha/ДВ_Полет над гнездом индюшки.txt,39429,36998,4172,247537,69008,0.536,,да,
dasha_056,ДВ,Даша Васильева,Последняя гастроль госпожи Удачи,2018,ДВ_Последняя гастроль госпожи Удачи.txt,txt ДашаВасильева/55 Последняя гастроль госпожи Удачи.txt,dasha/ДВ_Последняя гастроль госпожи Удачи.txt,39850,36998,4968,249878,63025,0.587,,да,
evlampia_008,ЕР,Евлампия Романова,Прогноз гадостей на завтра,2001,ЕР_Прогноз гадостей на завтра.txt,txt ЕвлампияРоманова/08 Прогноз гадостей на завтра.txt,evlampia/ЕР_Прогноз гадостей на завтра.txt,39236,36998,3862,249101,75252,0.492,,да,
evlampia_044,ЕР,Евлампия Романова,Пятизвездочный теремок,2018,ЕР_Пятизвездочный теремок.txt,txt ЕвлампияРоманова/44 Пятизвездочный теремок.txt,evlampia/ЕР_Пятизвездочный теремок.txt,39458,36998,4857,249026,54719,0.676,,да,
dasha_025,ДВ,Даша Васильева,Стилист для снежного человека,2005,ДВ_Стилист для снежного человека.txt,txt ДашаВасильева/24 Стилист для снежного человека.txt,dasha/ДВ_Стилист для снежного человека.txt,39308,36998,4355,248857,75198,0.492,,да,
viola_020,ВТ,Виола Тараканова,Стриптиз Жар-птицы,2008,ВТ_Стриптиз Жар-птицы.txt,txt ВиолаТараканова/20 Стриптиз Жар-птицы.txt,viola/ВТ_Стриптиз Жар-птицы.txt,39949,36998,4969,247968,77809,0.475,,да,
evlampia_061,ЕР,Евлампия Романова,Такси до леса Берендея,2025,ЕР_Такси до леса Берендея.txt,txt ЕвлампияРоманова/61 Такси до леса Берендея.txt,evlampia/ЕР_Такси до леса Берендея.txt,39087,36998,4608,246816,45100,0.82,,да,
sergeeva_016,ТС,Татьяна Сергеева,Толстушка под прикрытием,2013,ТС_Толстушка под прикрытием.txt,txt ТатьянаСергеева/15 Толстушка под прикрытием.txt,sergeeva/ТС_Толстушка под прикрытием.txt,38914,36998,4145,252008,68779,0.538,,да,
podushkin_004,ИП,Иван Подушкин,13 несчастий Геракла,2003,ИП_13 несчастий Геракла.txt,txt ИванПодушкин/04 13 несчастий Геракла.txt,podushkin/ИП_13 несчастий Геракла.txt,39563,36999,4276,250358,71159,0.52,,да,
evlampia_028,ЕР,Евлампия Романова,Бабочка в гипсе,2009,ЕР_Бабочка в гипсе.txt,txt ЕвлампияРоманова/28 Бабочка в гипсе.txt,evlampia/ЕР_Бабочка в гипсе.txt,39733,36999,4032,253501,75279,0.491,,да,
viola_053,ВТ,Виола Тараканова,Буря в стакане беды,2024,ВТ_Буря в стакане беды.txt,txt ВиолаТараканова/53 Буря в стакане беды.txt,viola/ВТ_Буря в стакане беды.txt,39572,36999,5126,248872,40802,0.907,,да,
dasha_043,ДВ,Даша Васильева,Гений страшной красоты,2011,ДВ_Гений страшной красоты.txt,txt ДашаВасильева/42 Гений страшной красоты.txt,dasha/ДВ_Гений страшной красоты.txt,39549,36999,4413,250370,69459,0.533,,да,
viola_022,ВТ,Виола Тараканова,Горячая любовь снеговика,2008,ВТ_Горячая любовь снеговика.txt,txt ВиолаТараканова/22 Горячая любовь снеговика.txt,viola/ВТ_Горячая любовь снеговика.txt,40373,36999,4823,249234,70989,0.521,,да,
dasha_022,ДВ,Даша Васильева,Доллары царя Гороха,2004,ДВ_Доллары царя Гороха.txt,txt ДашаВасильева/21 Доллары царя Гороха.txt,dasha/ДВ_Доллары царя Гороха.txt,39423,36999,4369,247267,80959,0.457,,да,
kozlova_016,СК,Степанида Козлова,Дресс-код летучей мыши,2021,СК_Дресс-код летучей мыши.txt,txt СтепанидаКозлова/16 Дресс-код летучей мыши.txt,kozlova/СК_Дресс-код летучей мыши.txt,39548,36999,4619,247096,49934,0.741,,да,
dasha_020,ДВ,Даша Васильева,Жаба с кошельком,2003,ДВ_Жаба с кошельком.txt,txt ДашаВасильева/19 Жаба с кошельком.txt,dasha/ДВ_Жаба с кошельком.txt,39702,36999,4155,247865,72786,0.508,,да,
dasha_023,ДВ,Даша Васильева,Камин для Снегурочки,2004,ДВ_Камин для Снегурочки.txt,txt ДашаВасильева/22 Камин для Снегурочки.txt,dasha/ДВ_Камин для Снегурочки.txt,40145,36999,4793,245375,75025,0.493,,да,
evlampia_012,ЕР,Евлампия Романова,Квазимодо на шпильках,2003,ЕР_Квазимодо на шпильках.txt,txt ЕвлампияРоманова/12 Квазимодо на шпильках.txt,evlampia/ЕР_Квазимодо на шпильках.txt,39569,36999,4306,247828,68746,0.538,,да,
viola_033,ВТ,Виола Тараканова,Кнопка управления мужем,2013,ВТ_Кнопка управления мужем.txt,txt ВиолаТараканова/33 Кнопка управления мужем.txt,viola/ВТ_Кнопка управления мужем.txt,38798,36999,4056,249483,71843,0.515,,да,
dasha_009,ДВ,Даша Васильева,Контрольный поцелуй,2000,ДВ_Контрольный поцелуй.txt,txt ДашаВасильева/08 Контрольный поцелуй.txt,dasha/ДВ_Контрольный поцелуй.txt,38768,36999,4035,252668,78368,0.472,,да,
evlampia_040,ЕР,Евлампия Романова,Корпоратив королевской династии,2016,ЕР_Корпоратив королевской династии.txt,txt ЕвлампияРоманова/40 Корпоратив королевской династии.txt,evlampia/ЕР_Корпоратив королевской династии.txt,39078,36999,4221,246571,65513,0.565,,да,
evlampia_060,ЕР,Евлампия Романова,Кружок экстремального вязания,2025,ЕР_Кружок экстремального вязания.txt,txt ЕвлампияРоманова/60. Кружок экстремального вязания.txt,evlampia/ЕР_Кружок экстремального вязания.txt,39247,36999,4802,248576,46344,0.798,,да,
dasha_002,ДВ,Даша Васильева,Крутые наследнички,1999,ДВ_Крутые наследнички.txt,txt ДашаВасильева/01 Крутые наследнички.txt,dasha/ДВ_Крутые наследнички.txt,38718,36999,4308,235612,42270,0.875,,да,
dasha_075,ДВ,Даша Васильева,Крутые наследнички,1999,ДВ_Крутые наследнички (2).txt,txt ДашаВасильева/Донцова 01 Крутые наследнички.txt,dasha/ДВ_Крутые наследнички (2).txt,38718,36999,4308,235612,42270,0.875,,да,
evlampia_046,ЕР,Евлампия Романова,Леди Несовершенство,2019,ЕР_Леди Несовершенство.txt,txt ЕвлампияРоманова/46 Леди Несовершенство.txt,evlampia/ЕР_Леди Несовершенство.txt,39827,36999,5037,248364,58505,0.632,,да,
viola_052,ВТ,Виола Тараканова,Лобстер для Емели,2023,ВТ_Лобстер для Емели.txt,txt ВиолаТараканова/52 Лобстер для Емели.txt,viola/ВТ_Лобстер для Емели.txt,38962,36999,4717,248208,43277,0.855,,да,
sergeeva_031,ТС,Татьяна Сергеева,Мадам Белая Поганка,2021,ТС_Мадам Белая Поганка.txt,txt ТатьянаСергеева/30 Мадам Белая Поганка.txt,sergeeva/ТС_Мадам Белая Поганка.txt,40121,36999,4890,249392,49347,0.75,,да,
podushkin_013,ИП,Иван Подушкин,Мачо чужой мечты,2006,ИП_Мачо чужой мечты.txt,txt ИванПодушкин/13 Мачо чужой мечты.txt,podushkin/ИП_Мачо чужой мечты.txt,39810,36999,4264,253197,71378,0.518,,да,
dasha_032,ДВ,Даша Васильева,Метро до Африки,2008,ДВ_Метро до Африки.txt,txt ДашаВасильева/31 Метро до Африки.txt,dasha/ДВ_Метро до Африки.txt,39900,36999,4638,252163,82684,0.447,,да,
sergeeva_005,ТС,Татьяна Сергеева,Микроб без комплексов,2009,ТС_Микроб без комплексов.txt,txt ТатьянаСергеева/04 Микроб без комплексов.txt,sergeeva/ТС_Микроб без комплексов.txt,39823,36999,4626,252324,67558,0.548,,да,
viola_049,ВТ,Виола Тараканова,Неудачная карьера мегеры,2022,ВТ_Неудачная карьера мегеры.txt,txt ВиолаТараканова/49 Неудачная карьера мегеры.txt,viola/ВТ_Неудачная карьера мегеры.txt,39373,36999,4617,245326,44973,0.823,,да,
dasha_047,ДВ,Даша Васильева,Приват-танец мисс Марпл,2014,ДВ_Приват-танец мисс Марпл.txt,txt ДашаВасильева/46 Приват-танец мисс Марпл.txt,dasha/ДВ_Приват-танец мисс Марпл.txt,39106,36999,4232,252045,63522,0.582,,да,
evlampia_015,ЕР,Евлампия Романова,Принцесса на Кириешках,2004,ЕР_Принцесса на Кириешках.txt,txt ЕвлампияРоманова/15 Принцесса на Кириешках.txt,evlampia/ЕР_Принцесса на Кириешках.txt,39359,36999,4258,246537,74749,0.495,,да,
sergeeva_010,ТС,Татьяна Сергеева,Рваные валенки мадам Помпадур,2010,ТС_Рваные валенки мадам Помпадур.txt,txt ТатьянаСергеева/09 Рваные валенки мадам Помпадур.txt,sergeeva/ТС_Рваные валенки мадам Помпадур.txt,39413,36999,4340,252327,90549,0.409,,да,
dasha_011,ДВ,Даша Васильева,Спят усталые игрушки,2000,ДВ_Спят усталые игрушки.txt,txt ДашаВасильева/10 Спят усталые игрушки.txt,dasha/ДВ_Спят усталые игрушки.txt,39119,36999,4214,254612,79721,0.464,,да,
dasha_062,ДВ,Даша Васильева,Темные предки светлой детки,2020,ДВ_Темные предки светлой детки.txt,txt ДашаВасильева/61 Темные предки светлой детки.txt,dasha/ДВ_Темные предки светлой детки.txt,39612,36999,4759,248499,49582,0.746,,да,
dasha_019,ДВ,Даша Васильева,Уха из золотой рыбки,2003,ДВ_Уха из золотой рыбки.txt,txt ДашаВасильева/18 Уха из золотой рыбки.txt,dasha/ДВ_Уха из золотой рыбки.txt,39844,36999,4031,251113,75554,0.49,,да,
viola_025,ВТ,Виола Тараканова,Фея с золотыми зубами,2010,ВТ_Фея с золотыми зубами.txt,txt ВиолаТараканова/25 Фея с золотыми зубами.txt,viola/ВТ_Фея с золотыми зубами.txt,39903,36999,4282,251869,74359,0.498,,да,
evlampia_019,ЕР,Евлампия Романова,Фигура легкого эпатажа,2006,ЕР_Фигура легкого эпатажа.txt,txt ЕвлампияРоманова/19 Фигура легкого эпатажа.txt,evlampia/ЕР_Фигура легкого эпатажа.txt,40118,36999,4578,252880,80019,0.462,,да,
viola_011,ВТ,Виола Тараканова,Фокус-покус от Василисы Ужасной,2004,ВТ_Фокус-покус от Василисы Ужасной.txt,txt ВиолаТараканова/11 Фокус-покус от Василисы Ужасной.txt,viola/ВТ_Фокус-покус от Василисы Ужасной.txt,39112,36999,4168,244747,75747,0.488,,да,
viola_001,ВТ,Виола Тараканова,Черт из табакерки,2001,ВТ_Черт из табакерки.txt,txt ВиолаТараканова/01 Черт из табакерки.txt,viola/ВТ_Черт из табакерки.txt,39261,36999,4252,250645,76649,0.483,,да,
sergeeva_012,ТС,Татьяна Сергеева,Шекспир курит в сторонке,2011,ТС_Шекспир курит в сторонке.txt,txt ТатьянаСергеева/11 Шекспир курит в сторонке.txt,sergeeva/ТС_Шекспир курит в сторонке.txt,39386,36999,4108,251059,65496,0.565,,да,
dasha_010,ДВ,Даша Васильева,Бассейн с крокодилами,2000,ДВ_Бассейн с крокодилами.txt,txt ДашаВасильева/09 Бассейн с крокодилами.txt,dasha/ДВ_Бассейн с крокодилами.txt,38951,37000,4224,253239,79706,0.464,,да,
dasha_038,ДВ,Даша Васильева,Белый конь на принце,2009,ДВ_Белый конь на принце.txt,txt ДашаВасильева/37 Белый конь на принце.txt,dasha/ДВ_Белый конь на принце.txt,39629,37000,4119,250487,75914,0.487,,да,
viola_015,ВТ,Виола Тараканова,Билет на ковер-вертолет,2006,ВТ_Билет на ковер-вертолет.txt,txt ВиолаТараканова/15 Билет на ковер-вертолет.txt,viola/ВТ_Билет на ковер-вертолет.txt,39504,37000,4683,250673,73762,0.502,,да,
sergeeva_021,ТС,Татьяна Сергеева,Вулкан страстей наивной незабудки,2016,ТС_Вулкан страстей наивной незабудки.txt,txt ТатьянаСергеева/20 Вулкан страстей наивной незабудки.txt,sergeeva/ТС_Вулкан страстей наивной незабудки.txt,39300,37000,4269,250259,67661,0.547,,да,
evlampia_004,ЕР,Евлампия Романова,Гадюка в сиропе,2001,ЕР_Гадюка в сиропе.txt,txt ЕвлампияРоманова/04 Гадюка в сиропе.txt,evlampia/ЕР_Гадюка в сиропе.txt,39342,37000,4127,251160,82823,0.447,,да,
dasha_021,ДВ,Даша Васильева,Гарпия с пропеллером,2003,ДВ_Гарпия с пропеллером.txt,txt ДашаВасильева/20 Гарпия с пропеллером.txt,dasha/ДВ_Гарпия с пропеллером.txt,39150,37000,3943,247094,72779,0.508,,да,
viola_042,ВТ,Виола Тараканова,Гимназия неблагородных девиц,2018,ВТ_Гимназия неблагородных девиц.txt,txt ВиолаТараканова/42 Гимназия неблагородных девиц.txt,viola/ВТ_Гимназия неблагородных девиц.txt,39026,37000,4813,247420,58256,0.635,,да,
dasha_058,ДВ,Даша Васильева,Годовой абонемент на тот свет,2019,ДВ_Годовой абонемент на тот свет.txt,txt ДашаВасильева/57 Годовой абонемент на тот свет.txt,dasha/ДВ_Годовой абонемент на тот свет.txt,40021,37000,5280,249780,57736,0.641,,да,
dasha_005,ДВ,Даша Васильева,Дантисты тоже плачут,1999,ДВ_Дантисты тоже плачут.txt,txt ДашаВасильева/04 Дантисты тоже плачут.txt,dasha/ДВ_Дантисты тоже плачут.txt,38703,37000,4243,255428,84019,0.44,,да,
podushkin_009,ИП,Иван Подушкин,Две невесты на одно место,2005,ИП_Две невесты на одно место.txt,txt ИванПодушкин/09 Две невесты на одно место.txt,podushkin/ИП_Две невесты на одно место.txt,39514,37000,3901,251994,78807,0.47,,да,
sergeeva_011,ТС,Татьяна Сергеева,Дедушка на выданье,2011,ТС_Дедушка на выданье.txt,txt ТатьянаСергеева/10 Дедушка на выданье.txt,sergeeva/ТС_Дедушка на выданье.txt,39143,37000,4219,251175,67318,0.55,,да,
kozlova_003,СК,Степанида Козлова,Женихи воскресают по пятницам,2012,СК_Женихи воскресают по пятницам.txt,txt СтепанидаКозлова/03 Женихи воскресают по пятницам.txt,kozlova/СК_Женихи воскресают по пятницам.txt,39144,37000,4010,250095,70305,0.526,,да,
viola_034,ВТ,Виола Тараканова,Завещание рождественской утки,2013,ВТ_Завещание рождественской утки.txt,txt ВиолаТараканова/34 Завещание рождественской утки.txt,viola/ВТ_Завещание рождественской утки.txt,39077,37000,4210,251604,67317,0.55,,да,
evlampia_021,ЕР,Евлампия Романова,Золушка в шоколаде,2007,ЕР_Золушка в шоколаде.txt,txt ЕвлампияРоманова/21 Золушка в шоколаде.txt,evlampia/ЕР_Золушка в шоколаде.txt,40112,37000,4841,252184,70949,0.522,,да,
sergeeva_006,ТС,Татьяна Сергеева,Идеальное тело Пятачка,2009,ТС_Идеальное тело Пятачка.txt,txt ТатьянаСергеева/05 Идеальное тело Пятачка.txt,sergeeva/ТС_Идеальное тело Пятачка.txt,39343,37000,4251,251834,70908,0.522,,да,
podushkin_003,ИП,Иван Подушкин,Инстинкт Бабы-Яги,2002,ИП_Инстинкт Бабы-Яги.txt,txt ИванПодушкин/03 Инстинкт Бабы-Яги.txt,podushkin/ИП_Инстинкт Бабы-Яги.txt,39291,37000,4035,249877,70950,0.521,,да,
dasha_067,ДВ,Даша Васильева,Кактус второй свежести,2022,ДВ_Кактус второй свежести.txt,txt ДашаВасильева/66 Кактус второй свежести.txt,dasha/ДВ_Кактус второй свежести.txt,39620,37000,4346,246381,43687,0.847,,да,
evlampia_007,ЕР,Евлампия Романова,Канкан на поминках,2001,ЕР_Канкан на поминках.txt,txt ЕвлампияРоманова/07 Канкан на поминках.txt,evlampia/ЕР_Канкан на поминках.txt,39448,37000,3905,249330,71951,0.514,,да,
kozlova_006,СК,Степанида Козлова,Княжна с тараканами,2013,СК_Княжна с тараканами.txt,txt СтепанидаКозлова/06 Княжна с тараканами.txt,kozlova/СК_Княжна с тараканами.txt,39076,37000,4129,249727,63471,0.583,,да,
evlampia_045,ЕР,Евлампия Романова,Коррида на раздевание,2018,ЕР_Коррида на раздевание.txt,txt ЕвлампияРоманова/45 Коррида на раздевание.txt,evlampia/ЕР_Коррида на раздевание.txt,39552,37000,5142,251489,53699,0.689,,да,
evlampia_017,ЕР,Евлампия Романова,Любовь-морковь и третий лишний,2005,ЕР_Любовь-морковь и третий лишний.txt,txt ЕвлампияРоманова/17 Любовь-морковь и третий лишний.txt,evlampia/ЕР_Любовь-морковь и третий лишний.txt,39884,37000,3938,250398,82045,0.451,,да,
dasha_030,ДВ,Даша Васильева,Лягушка Баскервилей,2007,ДВ_Лягушка Баскервилей.txt,txt ДашаВасильева/29 Лягушка Баскервилей.txt,dasha/ДВ_Лягушка Баскервилей.txt,39967,37000,4710,254816,73423,0.504,,да,
kozlova_010,СК,Степанида Козлова,Мачеха в хрустальных галошах,2015,СК_Мачеха в хрустальных галошах.txt,txt СтепанидаКозлова/10 Мачеха в хрустальных галошах.txt,kozlova/СК_Мачеха в хрустальных галошах.txt,39571,37000,4589,251489,63289,0.585,,да,
evlampia_013,ЕР,Евлампия Романова,Но-шпа на троих,2003,ЕР_Но-шпа на троих.txt,txt ЕвлампияРоманова/13 Но-шпа на троих.txt,evlampia/ЕР_Но-шпа на троих.txt,39325,37000,4247,247603,77909,0.475,,да,
podushkin_028,ИП,Иван Подушкин,Особа королевских ролей,2019,ИП_Особа королевских ролей.txt,txt ИванПодушкин/28 Особа королевских ролей.txt,podushkin/ИП_Особа королевских ролей.txt,39567,37000,4555,248436,55784,0.663,,да,
evlampia_058,ЕР,Евлампия Романова,Ошибка Девочки-с-пальчик,2024,ЕР_Ошибка Девочки-с-пальчик.txt,txt ЕвлампияРоманова/58 Ошибка Девочки-с-пальчик.txt,evlampia/ЕР_Ошибка Девочки-с-пальчик.txt,39279,37000,5067,248989,40983,0.903,,да,
viola_026,ВТ,Виола Тараканова,Приданое лохматой обезьяны,2010,ВТ_Приданое лохматой обезьяны.txt,txt ВиолаТараканова/26 Приданое лохматой обезьяны.txt,viola/ВТ_Приданое лохматой обезьяны.txt,39539,37000,4958,249836,76302,0.485,,да,
viola_030,ВТ,Виола Тараканова,Путеводитель по Лукоморью,2012,ВТ_Путеводитель по Лукоморью.txt,txt ВиолаТараканова/30 Путеводитель по Лукоморью.txt,viola/ВТ_Путеводитель по Лукоморью.txt,38934,37000,4157,252833,67297,0.55,,да,
dasha_029,ДВ,Даша Васильева,Ромео с большой дороги,2006,ДВ_Ромео с большой дороги.txt,txt ДашаВасильева/28 Ромео с большой дороги.txt,dasha/ДВ_Ромео с большой дороги.txt,40408,37000,5078,253121,74279,0.498,,да,
dasha_048,ДВ,Даша Васильева,Самовар с шампанским,2014,ДВ_Самовар с шампанским.txt,txt ДашаВасильева/47 Самовар с шампанским.txt,dasha/ДВ_Самовар с шампанским.txt,39953,37000,4417,251040,66813,0.554,,да,
dasha_071,ДВ,Даша Васильева,Ступа с навигатором,2024,ДВ_Ступа с навигатором.txt,txt ДашаВасильева/70 Ступа с навигатором.txt,dasha/ДВ_Ступа с навигатором.txt,39401,37000,4739,252302,41405,0.894,,да,
viola_051,ВТ,Виола Тараканова,Торт от Ябеды-корябеды,2023,ВТ_Торт от Ябеды-корябеды.txt,txt ВиолаТараканова/51 Торт от Ябеды-корябеды.txt,viola/ВТ_Торт от Ябеды-корябеды.txt,39323,37000,4937,247497,42922,0.862,,да,
dasha_034,ДВ,Даша Васильева,Третий глаз — алмаз,2008,ДВ_Третий глаз — алмаз.txt,txt ДашаВасильева/33 Третий глаз — алмаз.txt,dasha/ДВ_Третий глаз — алмаз.txt,40347,37000,4953,252380,73068,0.506,,да,
viola_002,ВТ,Виола Тараканова,Три мешка хитростей,2001,ВТ_Три мешка хитростей.txt,txt ВиолаТараканова/02 Три мешка хитростей.txt,viola/ВТ_Три мешка хитростей.txt,39203,37000,3985,252660,76704,0.482,,да,
dasha_033,ДВ,Даша Васильева,Фейсконтроль на главную роль,2008,ДВ_Фейсконтроль на главную роль.txt,txt ДашаВасильева/32 Фейсконтроль на главную роль.txt,dasha/ДВ_Фейсконтроль на главную роль.txt,39951,37000,4793,251683,77297,0.479,,да,
kozlova_008,СК,Степанида Козлова,Хищный аленький цветочек,2014,СК_Хищный аленький цветочек.txt,txt СтепанидаКозлова/08 Хищный аленький цветочек.txt,kozlova/СК_Хищный аленький цветочек.txt,38934,37000,4337,250970,62865,0.589,,да,
sergeeva_035,ТС,Татьяна Сергеева,Цыпленок Лисы Патрикеевны,2023,ТС_Цыпленок Лисы Патрикеевны.txt,txt ТатьянаСергеева/34 Цыпленок Лисы Патрикеевны.txt,sergeeva/ТС_Цыпленок Лисы Патрикеевны.txt,39397,37000,4652,251402,39942,0.926,,да,
sergeeva_026,ТС,Татьяна Сергеева,Шоколадное пугало,2018,ТС_Шоколадное пугало.txt,txt ТатьянаСергеева/25 Шоколадное пугало.txt,sergeeva/ТС_Шоколадное пугало.txt,39621,37000,5098,249697,59621,0.621,,да,
evlampia_039,ЕР,Евлампия Романова,Шуры-муры с призраком,2015,ЕР_Шуры-муры с призраком.txt,txt ЕвлампияРоманова/39 Шуры-муры с призраком.txt,evlampia/ЕР_Шуры-муры с призраком.txt,39354,37000,4268,248099,65703,0.563,,да,
